;;T1;T2;T3;T4;T5;T6;T7;T8p1;T8p2;TAbluft;TZuluft;Volumenstrom;Zuluft;Abluft;Foliendicke;Fuellstand;Geschwindigkeit;Innendruck;Rakelhoehe;Ventilstellung
26.08.2024;09:41:52;23,6;23,6;23,6;23,3;23,7;23,4;23,6;23,8;24,1;22,6;25,0;71,1;40;45;-146,6;0,0;0,00;-0,526;300;0
26.08.2024;09:42:02;23,6;23,6;23,6;23,3;23,7;23,4;23,6;23,8;24,1;22,6;25,0;71,7;40;45;-146,6;0,0;0,00;-0,541;300;0
26.08.2024;09:42:12;23,6;23,6;23,6;23,3;23,7;23,4;23,6;23,8;24,1;22,6;25,0;70,9;40;45;-146,6;0,0;0,00;-0,538;300;0
26.08.2024;09:42:22;23,6;23,6;23,6;23,3;23,7;23,4;23,6;23,8;24,1;22,6;25,0;72,5;40;45;-146,4;0,0;0,00;-0,535;300;0
26.08.2024;09:42:32;23,6;23,6;23,6;23,3;23,7;23,4;23,6;23,8;24,1;22,6;25,0;71,6;40;45;-146,6;0,0;0,00;-0,523;300;0
26.08.2024;09:42:42;23,6;23,6;23,6;23,3;23,7;23,4;23,6;23,8;24,1;22,6;25,0;72,0;40;45;-146,6;0,0;0,00;-0,535;300;0
26.08.2024;09:42:52;23,6;23,6;23,6;23,3;23,7;23,4;23,6;23,8;24,1;22,6;25,0;72,2;40;45;-146,6;0,0;0,00;-0,538;300;0
26.08.2024;09:43:02;23,6;23,6;23,6;23,3;23,7;23,4;23,6;23,8;24,1;22,6;25,0;71,4;40;45;-146,6;0,0;0,00;-0,541;300;0
26.08.2024;09:43:32;23,6;23,6;23,6;23,3;23,7;23,4;23,6;23,8;24,1;22,6;25,0;72,0;40;45;-146,6;0,0;0,00;-0,532;300;0
26.08.2024;09:43:53;23,6;23,6;23,6;23,3;23,7;23,4;23,6;23,8;24,1;22,6;25,0;71,2;40;45;-146,6;0,0;0,00;-0,526;300;0
26.08.2024;09:44:03;23,6;23,6;23,6;23,3;23,7;23,4;23,6;23,8;24,1;22,6;25,0;71,7;40;45;-146,5;0,0;0,00;-0,523;300;0
26.08.2024;09:44:13;23,6;23,6;23,6;23,3;23,7;23,4;23,6;23,8;24,1;22,6;25,0;71,5;40;45;-146,6;0,0;0,00;-0,523;300;0
26.08.2024;09:44:23;23,7;23,6;23,6;23,3;23,7;23,4;23,6;23,9;24,1;22,6;25,0;72,5;40;45;-146,6;0,0;0,00;-0,520;300;0
26.08.2024;09:44:33;23,7;23,6;23,6;23,3;23,7;23,4;23,6;23,9;24,1;22,6;25,0;71,4;40;45;-146,6;0,0;0,00;-0,520;300;0
26.08.2024;09:44:43;23,7;23,6;23,6;23,3;23,7;23,4;23,6;23,8;24,1;22,7;25,0;70,6;40;45;-146,6;0,0;0,00;-0,523;300;0
26.08.2024;09:44:53;23,7;23,6;23,6;23,3;23,7;23,4;23,6;23,9;24,1;22,6;25,0;71,4;40;45;-146,6;0,0;0,00;-0,523;300;0
26.08.2024;09:45:03;23,7;23,6;23,6;23,3;23,7;23,4;23,6;23,8;24,1;22,7;25,0;71,5;40;45;-146,6;0,0;0,00;-0,523;300;0
26.08.2024;09:45:13;23,7;23,6;23,6;23,3;23,7;23,4;23,6;23,8;24,1;22,6;25,0;71,0;40;45;-146,6;0,0;0,00;-0,517;300;0
26.08.2024;09:45:23;23,7;23,6;23,6;23,3;23,7;23,4;23,6;23,8;24,1;22,7;25,0;71,5;40;45;-146,6;0,0;0,00;-0,520;300;0
;;T1;T2;T3;T4;T5;T6;T7;T8p1;T8p2;TAbluft;TZuluft;Volumenstrom;Zuluft;Abluft;Foliendicke;Fuellstand;Geschwindigkeit;Innendruck;Rakelhoehe;Ventilstellung
26.08.2024;09:47:46;23,7;23,6;23,6;23,3;23,7;23,4;23,7;23,9;24,1;22,6;25,1;71,3;40;45;-146,6;0,0;0,00;-0,523;300;0
26.08.2024;09:47:57;23,7;23,6;23,6;23,3;23,7;23,4;23,7;23,9;24,1;22,6;25,1;71,1;40;45;-146,6;0,0;0,00;-0,526;300;0
26.08.2024;09:48:07;23,7;23,6;23,6;23,3;23,7;23,4;23,7;23,9;24,1;22,6;25,1;71,6;40;45;-146,5;0,0;0,00;-0,517;300;0
26.08.2024;09:48:17;23,7;23,6;23,6;23,3;23,7;23,5;23,7;23,9;24,1;22,7;25,0;70,7;40;45;-146,5;0,0;0,00;-0,523;300;0
26.08.2024;09:48:27;23,7;23,6;23,6;23,3;23,8;23,4;23,7;23,9;24,1;22,6;25,1;72,4;40;45;-146,5;0,0;0,00;-0,520;300;0
26.08.2024;09:48:37;23,7;23,6;23,6;23,3;23,8;23,5;23,7;23,9;24,1;22,6;25,0;72,4;40;45;-146,5;0,0;0,00;-0,520;300;0
26.08.2024;09:48:47;23,7;23,6;23,6;23,3;23,8;23,5;23,7;23,9;24,1;22,6;25,1;72,1;40;45;-146,5;0,0;0,00;-0,520;300;0
26.08.2024;09:48:57;23,7;23,6;23,6;23,4;23,8;23,5;23,7;23,9;24,1;22,6;25,1;71,0;40;45;-146,6;0,0;0,00;-0,523;300;0
26.08.2024;09:49:07;23,7;23,6;23,6;23,3;23,8;23,5;23,7;23,9;24,1;22,6;25,1;70,7;40;45;-146,6;0,0;0,00;-0,523;300;0
26.08.2024;09:49:17;23,7;23,6;23,6;23,3;23,8;23,5;23,7;23,9;24,1;22,7;25,1;71,0;40;45;-146,7;0,0;0,00;-0,523;300;0
26.08.2024;09:49:27;23,7;23,6;23,6;23,4;23,8;23,5;23,7;23,9;24,1;22,6;25,1;72,0;40;45;-146,7;0,0;0,00;-0,523;300;0
26.08.2024;09:49:37;23,7;23,6;23,6;23,4;23,8;23,5;23,7;23,9;24,1;22,7;25,1;71,2;40;45;-146,5;0,0;0,00;-0,526;300;0
26.08.2024;09:49:47;23,7;23,6;23,6;23,4;23,8;23,5;23,7;23,9;24,1;22,6;25,1;72,3;40;45;-146,6;0,0;0,00;-0,523;300;0
26.08.2024;09:49:57;23,7;23,6;23,6;23,4;23,8;23,5;23,7;23,9;24,1;22,7;25,1;71,5;40;45;-146,6;0,0;0,00;-0,520;300;0
26.08.2024;09:50:07;23,7;23,6;23,6;23,4;23,8;23,5;23,7;23,9;24,1;22,6;25,1;72,2;40;45;-146,6;0,0;0,00;-0,517;300;0
26.08.2024;09:50:18;23,7;23,6;23,6;23,4;23,8;23,5;23,7;23,9;24,1;22,7;25,1;72,3;40;45;-146,6;0,0;0,00;-0,517;300;0
26.08.2024;09:50:28;23,7;23,6;23,6;23,4;23,8;23,5;23,7;23,9;24,1;22,6;25,1;71,8;40;45;-146,6;0,0;0,00;-0,520;300;0
26.08.2024;09:50:38;23,7;23,6;23,6;23,4;23,8;23,5;23,7;23,9;24,1;22,6;25,1;70,9;40;45;-146,7;0,0;0,00;-0,520;300;0
26.08.2024;09:50:48;23,7;23,6;23,6;23,4;23,8;23,5;23,7;23,9;24,1;22,7;25,1;71,4;40;45;-146,6;0,0;0,00;-0,526;300;0
26.08.2024;09:50:58;23,7;23,6;23,6;23,4;23,8;23,5;23,7;23,9;24,1;22,6;25,1;71,4;40;45;-146,3;0,0;0,00;-0,523;300;0
26.08.2024;09:51:08;23,7;23,6;23,6;23,4;23,8;23,5;23,7;23,9;24,1;22,7;25,1;72,5;40;45;-100,0;0,0;0,00;-0,523;300;0
26.08.2024;09:51:18;23,7;23,6;23,6;23,4;23,8;23,5;23,7;23,9;24,1;22,7;25,1;71,1;40;45;-100,0;0,0;0,00;-0,526;300;0
26.08.2024;09:51:28;23,7;23,6;23,6;23,4;23,8;23,5;23,7;23,9;24,1;22,7;25,1;71,1;40;45;-100,0;0,0;0,00;-0,526;300;0
26.08.2024;09:51:38;23,7;23,6;23,6;23,4;23,8;23,5;23,7;23,9;24,1;22,7;25,1;71,1;40;45;-100,0;0,0;0,00;-0,526;300;0
26.08.2024;09:51:48;23,7;23,6;23,6;23,4;23,8;23,5;23,7;23,9;24,1;22,7;25,1;71,1;40;45;-100,0;0,0;0,00;-0,526;300;0
26.08.2024;09:51:58;23,7;23,6;23,6;23,4;23,8;23,5;23,7;23,9;24,1;22,7;25,1;71,1;40;45;-100,0;0,0;0,00;-0,526;300;0
26.08.2024;09:52:08;23,7;23,6;23,6;23,4;23,8;23,5;23,7;23,9;24,1;22,7;25,1;71,1;40;45;-100,0;0,0;0,00;-0,526;300;0
26.08.2024;09:52:19;23,7;23,6;23,6;23,4;23,8;23,5;23,7;23,9;24,1;22,7;25,1;71,1;40;45;-100,0;0,0;0,00;-0,526;300;0
26.08.2024;09:52:29;23,7;23,6;23,6;23,4;23,8;23,5;23,7;23,9;24,1;22,7;25,1;71,1;40;45;-100,0;0,0;0,00;-0,526;300;0
26.08.2024;09:52:39;23,7;23,6;23,6;23,4;23,8;23,5;23,7;23,9;24,1;22,7;25,1;71,1;40;45;-100,0;0,0;0,00;-0,526;300;0
;;T1;T2;T3;T4;T5;T6;T7;T8p1;T8p2;TAbluft;TZuluft;Volumenstrom;Zuluft;Abluft;Foliendicke;Fuellstand;Geschwindigkeit;Innendruck;Rakelhoehe;Ventilstellung
26.08.2024;10:14:14;24,1;23,8;23,8;23,6;24,0;23,6;23,9;24,0;24,2;23,0;25,2;71,1;40;45;-146,6;0,0;5,02;-0,526;300;0
26.08.2024;10:14:24;24,1;23,8;23,8;23,6;24,0;23,6;23,9;24,0;24,2;23,0;25,2;72,6;40;45;-146,9;0,0;5,02;-0,520;300;0
26.08.2024;10:14:34;24,1;23,8;23,8;23,6;24,0;23,6;23,9;24,0;24,2;23,0;25,2;73,8;40;45;-147,1;0,0;5,01;-0,442;300;0
26.08.2024;10:14:45;24,1;23,8;23,8;23,6;24,0;23,6;23,9;24,0;24,2;23,0;25,2;74,2;40;45;-145,0;0,0;4,93;-0,448;300;0
26.08.2024;10:14:55;24,1;23,8;23,8;23,6;24,0;23,6;23,9;24,0;24,2;23,0;25,2;73,8;40;45;-147,3;0,0;5,00;-0,442;300;0
26.08.2024;10:15:05;24,1;23,8;23,8;23,6;24,0;23,7;23,9;24,0;24,2;23,0;25,2;74,4;40;45;-147,0;0,0;4,99;-0,442;300;0
26.08.2024;10:15:15;24,1;23,8;23,8;23,6;24,0;23,6;23,9;24,0;24,2;23,0;25,2;74,9;40;45;-147,5;0,0;4,99;-0,445;300;0
26.08.2024;10:15:25;24,1;23,8;23,8;23,6;24,0;23,7;23,9;24,0;24,2;23,0;25,2;74,6;40;45;-146,4;0,0;5,00;-0,445;300;0
26.08.2024;10:15:35;24,1;23,8;23,8;23,6;24,0;23,7;23,9;24,0;24,2;23,0;25,2;75,1;40;45;-146,2;0,0;4,99;-0,445;300;0
26.08.2024;10:15:45;24,1;23,8;23,8;23,6;24,0;23,6;23,9;24,0;24,2;23,0;25,2;74,8;40;45;-146,3;0,0;5,00;-0,445;300;0
26.08.2024;10:15:55;24,1;23,8;23,8;23,6;24,0;23,7;23,9;24,0;24,2;23,0;25,2;74,9;40;45;-146,4;0,0;4,95;-0,445;300;0
26.08.2024;10:16:05;24,1;23,8;23,8;23,6;24,0;23,7;23,9;24,0;24,2;23,0;25,2;74,5;40;45;-148,4;0,0;5,03;-0,442;300;0
26.08.2024;10:16:15;24,1;23,8;23,8;23,6;24,0;23,7;23,9;24,0;24,2;23,0;25,2;74,3;40;45;-145,6;0,0;5,03;-0,445;300;0
26.08.2024;10:16:25;24,1;23,8;23,8;23,6;24,0;23,7;23,9;24,0;24,2;22,8;25,2;74,2;40;45;-146,6;0,0;4,98;-0,448;300;0
26.08.2024;10:16:35;24,1;23,8;23,8;23,6;24,0;23,7;23,9;24,0;24,2;22,8;25,2;74,4;40;45;-144,8;0,0;5,02;-0,448;300;0
26.08.2024;10:16:45;24,1;23,8;23,8;23,6;24,0;23,7;23,9;24,0;24,2;22,7;25,2;74,9;40;45;-147,1;0,0;5,03;-0,448;300;0
26.08.2024;10:16:55;24,0;23,8;23,8;23,6;24,0;23,7;23,9;24,0;24,3;22,7;25,2;74,8;40;45;-139,5;0,0;5,01;-0,448;300;0
26.08.2024;10:17:06;24,0;23,8;23,8;23,6;24,0;23,7;23,9;24,0;24,3;22,7;25,2;74,4;40;45;-146,1;0,0;5,01;-0,442;300;0
26.08.2024;10:17:16;23,9;23,8;23,8;23,6;24,0;23,7;23,9;24,0;24,2;22,7;25,2;75,2;40;45;-139,7;0,0;4,99;-0,445;300;0
26.08.2024;10:17:26;23,9;23,8;23,8;23,6;24,0;23,7;23,9;24,0;24,2;22,7;25,2;74,8;40;45;-148,6;0,0;5,00;-0,442;300;0
26.08.2024;10:17:36;23,8;23,8;23,8;23,6;24,0;23,7;23,9;24,0;24,3;22,7;25,2;74,2;40;45;-122,2;0,0;4,99;-0,445;300;0
26.08.2024;10:17:46;23,7;23,8;23,9;23,6;24,0;23,7;23,9;24,0;24,3;22,7;25,2;74,2;40;45;-146,6;0,0;4,98;-0,448;300;0
26.08.2024;10:17:56;23,7;23,8;23,8;23,6;24,0;23,7;23,9;24,0;24,3;22,7;25,2;74,7;40;45;-145,5;0,0;5,02;-0,448;300;0
26.08.2024;10:18:06;23,6;23,8;23,9;23,6;24,0;23,7;23,9;24,0;24,2;22,7;25,2;74,3;40;45;-128,1;0,0;5,01;-0,445;300;0
26.08.2024;10:18:16;23,5;23,8;23,8;23,6;24,0;23,7;23,9;24,0;24,3;22,7;25,2;74,0;40;45;-143,5;0,0;5,01;-0,442;300;0
26.08.2024;10:18:26;23,4;23,9;23,9;23,6;24,0;23,7;23,9;24,0;24,3;22,7;25,2;75,1;40;45;-145,0;0,0;5,03;-0,442;300;0
26.08.2024;10:18:36;23,4;23,8;23,9;23,6;24,0;23,7;23,9;24,0;24,3;22,7;25,2;74,6;40;45;-145,6;0,0;4,99;-0,445;300;0
26.08.2024;10:18:46;23,3;23,8;23,8;23,6;24,0;23,7;23,9;24,0;24,3;22,7;25,2;74,8;40;45;-144,6;0,0;4,97;-0,445;300;0
26.08.2024;10:18:56;23,2;23,8;23,9;23,6;24,0;23,7;23,9;24,0;24,3;22,7;25,2;74,4;40;45;-146,6;0,0;5,00;-0,442;300;0
26.08.2024;10:19:06;23,2;23,8;23,9;23,6;24,0;23,7;23,9;24,0;24,3;22,7;25,2;74,4;40;45;-145,0;0,0;4,99;-0,445;300;0
26.08.2024;10:19:16;23,1;23,8;23,9;23,6;24,0;23,7;23,9;24,0;24,3;22,7;25,2;74,6;40;45;-146,2;0,0;5,02;-0,439;300;0
26.08.2024;10:19:27;23,0;23,8;23,9;23,6;24,0;23,7;23,9;24,0;24,3;22,7;25,2;74,0;40;45;-144,5;0,0;5,01;-0,465;300;0
26.08.2024;10:19:37;23,0;23,8;23,9;23,6;24,0;23,7;23,9;24,0;24,3;22,7;25,2;74,8;40;45;-145,9;0,0;5,02;-0,468;300;0
26.08.2024;10:19:47;22,9;23,8;23,9;23,6;24,0;23,7;23,9;24,0;24,3;22,7;25,2;73,7;40;45;-323,9;0,0;5,02;-0,471;300;0
26.08.2024;10:19:57;22,8;23,8;23,9;23,6;24,0;23,7;23,9;24,1;24,3;22,7;25,2;74,3;40;45;-146,3;0,0;4,97;-0,474;300;0
26.08.2024;10:20:07;22,8;23,8;23,9;23,6;24,0;23,7;23,9;24,1;24,3;22,7;25,2;74,8;40;45;-144,5;0,0;4,99;-0,439;300;0
26.08.2024;10:20:17;22,7;23,8;23,9;23,6;24,0;23,7;23,9;24,1;24,3;22,7;25,2;74,3;40;45;-146,3;0,0;5,03;-0,442;300;0
26.08.2024;10:20:27;22,6;23,8;23,9;23,6;24,0;23,7;23,9;24,1;24,3;22,7;25,2;74,5;40;45;-145,7;0,0;5,02;-0,442;300;0
26.08.2024;10:20:37;22,6;23,7;23,9;23,6;24,0;23,7;23,9;24,1;24,3;22,7;25,2;74,8;40;45;-146,3;0,0;5,00;-0,442;300;0
26.08.2024;10:20:47;22,5;23,7;23,9;23,6;24,0;23,7;23,9;24,1;24,3;22,7;25,2;75,1;40;45;-145,5;0,0;5,01;-0,442;300;0
26.08.2024;10:20:57;22,5;23,7;23,9;23,6;24,0;23,7;23,9;24,1;24,3;22,7;25,2;74,5;40;45;-137,6;0,0;5,02;-0,517;300;0
26.08.2024;10:21:08;22,4;23,7;23,9;23,6;24,0;23,7;23,9;24,1;24,3;22,7;25,2;71,5;40;45;-132,6;0,0;5,01;-0,520;300;0
26.08.2024;10:21:18;22,3;23,6;23,9;23,6;24,0;23,7;24,0;24,1;24,3;22,7;25,2;72,0;40;45;-137,7;0,0;5,03;-0,549;300;0
26.08.2024;10:21:28;22,3;23,6;23,9;23,6;24,0;23,7;23,9;24,1;24,3;22,7;25,2;72,0;40;45;-143,4;0,0;5,00;-0,523;300;0
26.08.2024;10:21:38;22,3;23,6;23,9;23,6;24,0;23,7;24,0;24,1;24,3;22,7;25,2;71,6;40;45;-145,5;0,0;4,96;-0,520;300;0
26.08.2024;10:21:48;22,2;23,6;23,9;23,6;24,0;23,7;24,0;24,1;24,3;22,7;25,2;70,7;40;45;-146,1;0,0;5,00;-0,523;300;0
26.08.2024;10:21:58;22,1;23,6;23,9;23,6;24,0;23,7;23,9;24,1;24,3;22,7;25,2;73,0;40;45;-144,8;0,0;5,04;-0,523;300;0
26.08.2024;10:22:08;22,1;23,6;23,9;23,6;24,0;23,7;23,9;24,1;24,3;22,7;25,2;71,7;40;45;-147,1;0,0;4,99;-0,520;300;0
26.08.2024;10:22:18;22,0;23,6;23,8;23,6;24,0;23,7;24,0;24,1;24,3;22,7;25,2;71,4;40;45;-146,1;0,0;4,99;-0,526;300;0
26.08.2024;10:22:28;22,0;23,5;23,8;23,6;24,0;23,7;24,0;24,1;24,3;22,7;25,2;70,9;40;45;-146,1;0,0;4,99;-0,523;300;0
26.08.2024;10:22:38;21,9;23,5;23,8;23,6;24,0;23,7;24,0;24,1;24,3;22,7;25,2;71,4;40;45;-146,3;0,0;5,01;-0,523;300;0
26.08.2024;10:22:48;21,9;23,5;23,8;23,6;24,0;23,7;24,0;24,1;24,3;22,7;25,2;72,6;40;45;-146,2;0,0;4,97;-0,517;300;0
26.08.2024;10:22:58;21,8;23,5;23,8;23,6;24,0;23,7;24,0;24,1;24,3;22,7;25,2;72,0;40;45;-148,5;0,0;4,93;-0,517;300;0
26.08.2024;10:23:08;21,7;23,4;23,8;23,6;24,0;23,7;24,0;24,1;24,3;22,7;25,2;71,3;40;45;-146,6;0,0;5,03;-0,529;300;0
26.08.2024;10:23:18;21,7;23,4;23,8;23,6;24,0;23,7;24,0;24,1;24,3;22,7;25,2;72,1;40;45;-140,9;0,0;4,98;-0,515;300;0
26.08.2024;10:23:29;21,7;23,4;23,8;23,6;24,0;23,7;24,0;24,1;24,3;22,7;25,2;71,8;40;45;-104,2;0,0;4,97;-0,520;300;0
26.08.2024;10:23:39;21,6;23,4;23,8;23,6;24,0;23,7;24,0;24,1;24,3;22,7;25,2;72,2;40;45;-137,2;0,0;4,98;-0,523;300;0
26.08.2024;10:23:49;21,5;23,4;23,8;23,6;24,0;23,7;24,0;24,1;24,3;22,7;25,2;71,3;40;45;-122,7;0,0;5,00;-0,520;300;0
26.08.2024;10:23:59;21,5;23,4;23,8;23,6;24,0;23,7;24,0;24,1;24,3;22,7;25,2;71,8;40;45;-128,9;0,0;5,04;-0,520;300;0
26.08.2024;10:24:09;21,4;23,3;23,8;23,6;24,0;23,7;24,0;24,1;24,3;22,7;25,2;72,4;40;45;-127,2;0,0;4,97;-0,523;300;0
26.08.2024;10:24:19;21,4;23,3;23,8;23,6;24,0;23,7;24,0;24,1;24,3;22,7;25,2;72,5;40;45;-147,4;0,0;4,99;-0,526;300;0
26.08.2024;10:24:29;21,4;23,3;23,8;23,6;24,0;23,7;24,0;24,1;24,3;22,7;25,2;72,5;40;45;-146,0;0,0;5,03;-0,523;300;0
26.08.2024;10:24:39;21,3;23,3;23,8;23,6;24,0;23,7;24,0;24,1;24,3;22,7;25,2;69,8;40;45;-146,6;0,0;4,98;-0,523;300;0
26.08.2024;10:24:49;21,3;23,3;23,8;23,6;24,0;23,7;24,0;24,1;24,3;22,7;25,2;71,7;40;45;-135,1;0,0;5,01;-0,520;300;0
26.08.2024;10:24:59;21,2;23,3;23,8;23,6;24,0;23,7;24,0;24,1;24,3;22,7;25,2;73,2;40;45;-124,1;0,0;4,96;-0,520;300;0
26.08.2024;10:25:09;21,2;23,2;23,8;23,6;24,0;23,7;24,0;24,1;24,3;22,7;25,2;73,6;40;45;-143,9;0,0;5,02;-0,520;300;0
26.08.2024;10:25:19;21,1;23,2;23,8;23,6;24,0;23,7;24,0;24,1;24,3;22,7;25,2;72,0;40;45;-144,5;0,0;4,98;-0,517;300;0
26.08.2024;10:25:29;21,1;23,2;23,8;23,6;24,0;23,7;24,0;24,1;24,3;22,7;25,2;72,0;40;45;-146,1;0,0;5,00;-0,523;300;0
26.08.2024;10:25:39;21,0;23,2;23,7;23,6;24,0;23,7;24,0;24,1;24,3;22,7;25,2;72,4;40;45;-144,0;0,0;5,02;-0,523;300;0
26.08.2024;10:25:50;21,0;23,2;23,7;23,6;24,0;23,7;24,0;24,1;24,3;22,7;25,2;72,0;40;45;-147,1;0,0;0,00;-0,520;300;0
26.08.2024;10:26:00;21,0;23,1;23,7;23,6;24,0;23,7;24,0;24,1;24,3;22,7;25,2;70,7;40;45;-148,4;0,0;0,00;-0,526;300;0
26.08.2024;10:26:10;20,9;23,1;23,7;23,6;24,0;23,7;24,0;24,1;24,3;22,7;25,2;72,4;40;45;-146,6;0,0;0,00;-0,523;300;0
26.08.2024;10:26:40;20,9;23,1;23,7;23,6;24,0;23,7;24,0;24,1;24,3;22,7;25,2;70,6;40;45;-148,8;0,0;0,00;-0,523;300;0
26.08.2024;10:26:50;20,8;23,1;23,7;23,6;24,0;23,7;24,0;24,1;24,3;22,7;25,2;71,8;40;45;-147,5;0,0;0,00;-0,517;300;0
26.08.2024;10:27:00;20,9;23,1;23,7;23,6;24,0;23,7;24,0;24,1;24,3;22,7;25,2;72,5;40;45;-148,0;0,0;0,00;-0,517;300;0
26.08.2024;10:27:10;20,8;23,1;23,7;23,5;24,0;23,7;24,0;24,1;24,3;22,7;25,2;71,6;40;45;-147,5;0,0;0,00;-0,517;300;0
26.08.2024;10:27:20;20,8;23,1;23,7;23,6;24,0;23,7;24,0;24,1;24,3;22,7;25,3;72,0;40;45;-147,5;0,0;0,00;-0,520;300;0
26.08.2024;10:27:30;20,8;23,1;23,7;23,5;24,1;23,7;24,0;24,1;24,3;22,7;25,3;71,8;40;45;-147,3;0,0;0,00;-0,520;300;0
26.08.2024;10:27:40;20,8;23,0;23,7;23,5;24,1;23,7;24,0;24,1;24,3;22,7;25,3;71,5;40;45;-146,7;0,0;0,00;-0,520;300;0
26.08.2024;10:27:50;20,8;23,0;23,7;23,5;24,1;23,7;24,0;24,1;24,3;22,7;25,3;72,3;40;45;-147,0;0,0;0,00;-0,517;300;0
26.08.2024;10:28:01;20,9;23,0;23,7;23,5;24,0;23,7;24,0;24,1;24,3;22,7;25,3;71,8;40;45;-146,9;0,0;0,00;-0,520;300;0
26.08.2024;10:28:11;20,9;23,0;23,7;23,5;24,1;23,7;24,0;24,1;24,3;22,7;25,3;72,2;40;45;-145,3;0,0;0,00;-0,515;300;0
26.08.2024;10:28:21;20,9;23,0;23,7;23,5;24,0;23,7;24,0;24,1;24,3;22,7;25,3;70,7;40;45;-144,5;0,0;0,00;-0,520;300;0
26.08.2024;10:28:31;20,9;23,0;23,7;23,5;24,1;23,7;24,0;24,1;24,3;22,7;25,3;72,6;40;45;-145,6;0,0;0,00;-0,526;300;0
26.08.2024;10:28:41;20,9;23,1;23,7;23,5;24,1;23,7;24,0;24,1;24,3;22,7;25,3;70,8;40;45;-146,2;0,0;0,00;-0,523;300;0
26.08.2024;10:28:51;20,9;23,1;23,6;23,5;24,1;23,7;24,0;24,1;24,3;22,7;25,3;72,7;40;45;-145,0;0,0;0,00;-0,520;300;0
26.08.2024;10:29:01;21,0;23,0;23,6;23,5;24,1;23,8;24,0;24,1;24,3;22,7;25,3;72,6;40;45;-145,1;0,0;0,00;-0,517;300;0
26.08.2024;10:29:11;21,0;23,1;23,7;23,5;24,1;23,7;24,0;24,1;24,3;22,7;25,3;72,8;40;45;-146,0;0,0;0,00;-0,517;300;0
26.08.2024;10:29:21;21,0;23,1;23,6;23,5;24,1;23,8;24,0;24,1;24,3;22,7;25,3;72,6;40;45;-146,3;0,0;0,00;-0,523;300;0
26.08.2024;10:29:31;21,1;23,1;23,6;23,5;24,1;23,8;24,0;24,1;24,3;22,7;25,3;72,6;40;45;-146,3;0,0;0,00;-0,520;300;0
26.08.2024;10:29:41;21,1;23,1;23,7;23,5;24,1;23,8;24,0;24,1;24,3;22,7;25,3;73,2;40;45;-145,8;0,0;0,00;-0,520;300;0
26.08.2024;10:29:51;21,1;23,1;23,6;23,6;24,1;23,8;24,0;24,1;24,3;22,8;25,3;71,1;40;45;-145,8;0,0;0,00;-0,520;300;0
26.08.2024;10:30:01;21,2;23,1;23,6;23,6;24,1;23,8;24,0;24,1;24,3;22,7;25,3;71,0;40;45;-145,8;0,0;0,00;-0,520;300;0
26.08.2024;10:30:12;21,2;23,1;23,6;23,5;24,1;23,8;24,0;24,1;24,3;22,8;25,3;75,1;40;45;-145,6;0,0;0,00;-0,445;300;0
26.08.2024;10:30:22;21,2;23,1;23,6;23,5;24,1;23,8;24,0;24,1;24,3;22,7;25,3;74,6;40;45;-144,2;0,0;0,00;-0,442;300;0
26.08.2024;10:30:32;21,2;23,1;23,6;23,6;24,1;23,8;24,0;24,1;24,3;22,7;25,3;74,1;40;45;-145,5;0,0;0,00;-0,445;300;0
26.08.2024;10:30:42;21,3;23,1;23,6;23,6;24,1;23,8;24,0;24,1;24,3;22,7;25,3;74,8;40;45;-146,1;0,0;0,00;-0,442;300;0
26.08.2024;10:30:52;21,3;23,1;23,7;23,6;24,1;23,8;24,0;24,1;24,3;22,7;25,3;74,4;40;45;-143,5;0,0;0,00;-0,442;300;0
26.08.2024;10:31:02;21,3;23,1;23,6;23,6;24,1;23,8;24,0;24,1;24,3;22,7;25,3;74,6;40;45;-144,2;0,0;0,00;-0,445;300;0
26.08.2024;10:31:12;21,4;23,1;23,7;23,6;24,1;23,8;24,0;24,1;24,3;22,7;25,3;74,1;40;45;-144,9;0,0;0,00;-0,442;300;0
26.08.2024;10:31:22;21,4;23,1;23,7;23,6;24,1;23,8;24,0;24,1;24,3;22,7;25,3;75,1;40;45;-144,1;0,0;0,00;-0,445;300;0
26.08.2024;10:31:32;21,4;23,1;23,7;23,6;24,1;23,8;24,0;24,1;24,3;22,7;25,3;74,3;40;45;-144,2;0,0;0,00;-0,445;300;0
26.08.2024;10:31:42;21,4;23,2;23,7;23,6;24,1;23,8;24,0;24,1;24,3;22,7;25,3;74,9;40;45;-143,3;0,0;0,00;-0,442;300;0
26.08.2024;10:31:52;21,5;23,2;23,7;23,6;24,1;23,8;24,0;24,1;24,3;22,7;25,3;74,7;40;45;-143,7;0,0;0,00;-0,442;300;0
26.08.2024;10:32:02;21,5;23,2;23,7;23,6;24,1;23,8;24,0;24,1;24,3;22,7;25,3;74,8;40;45;-143,9;0,0;0,00;-0,439;300;0
26.08.2024;10:32:12;21,5;23,2;23,7;23,6;24,1;23,8;24,0;24,1;24,3;22,7;25,3;74,1;40;45;-143,7;0,0;0,00;-0,439;300;0
26.08.2024;10:32:22;21,6;23,2;23,7;23,6;24,1;23,8;24,1;24,1;24,3;22,7;25,3;74,1;40;45;-143,7;0,0;0,00;-0,436;300;0
26.08.2024;10:32:33;21,6;23,2;23,7;23,6;24,1;23,8;24,0;24,1;24,3;22,7;25,3;74,7;40;45;-143,5;0,0;0,00;-0,439;300;0
26.08.2024;10:32:43;21,6;23,2;23,7;23,6;24,1;23,8;24,0;24,1;24,3;22,7;25,3;74,2;40;45;-143,3;0,0;0,00;-0,442;300;0
26.08.2024;10:32:53;21,7;23,2;23,7;23,6;24,1;23,8;24,0;24,1;24,3;22,7;25,3;74,4;40;45;-143,3;0,0;0,00;-0,445;300;0
26.08.2024;10:33:03;21,7;23,2;23,7;23,6;24,1;23,8;24,0;24,1;24,3;22,7;25,3;74,1;40;45;-143,1;0,0;0,00;-0,442;300;0
26.08.2024;10:33:13;21,7;23,2;23,7;23,6;24,1;23,8;24,0;24,1;24,3;22,7;25,3;73,7;40;45;-143,2;0,0;0,00;-0,439;300;0
26.08.2024;10:33:23;21,7;23,2;23,7;23,6;24,1;23,8;24,0;24,1;24,3;22,7;25,3;74,1;40;45;-143,2;0,0;0,00;-0,439;300;0
26.08.2024;10:33:33;21,7;23,3;23,7;23,6;24,1;23,8;24,1;24,1;24,3;22,7;25,3;74,3;40;45;-143,2;0,0;0,00;-0,439;300;0
26.08.2024;10:33:43;21,8;23,3;23,7;23,6;24,1;23,8;24,1;24,1;24,3;22,7;25,3;74,4;40;45;-143,4;0,0;0,00;-0,439;300;0
26.08.2024;10:33:53;21,8;23,3;23,7;23,6;24,1;23,8;24,1;24,1;24,3;22,7;25,3;74,8;40;45;-143,3;0,0;0,00;-0,439;300;0
26.08.2024;10:34:03;21,8;23,3;23,7;23,6;24,1;23,8;24,1;24,1;24,3;22,7;25,3;74,2;40;45;-143,4;0,0;0,00;-0,442;300;0
26.08.2024;10:34:13;21,8;23,3;23,7;23,6;24,1;23,8;24,1;24,1;24,3;22,7;25,3;74,0;40;45;-143,4;0,0;0,00;-0,442;300;0
26.08.2024;10:34:23;21,9;23,3;23,7;23,6;24,1;23,8;24,1;24,1;24,3;22,7;25,3;74,9;40;45;-143,3;0,0;0,00;-0,442;300;0
26.08.2024;10:34:33;21,9;23,3;23,7;23,6;24,1;23,8;24,1;24,1;24,3;22,7;25,3;73,8;40;45;-143,4;0,0;0,00;-0,442;300;0
26.08.2024;10:34:43;21,9;23,3;23,7;23,6;24,1;23,8;24,0;24,1;24,3;22,7;25,3;74,3;40;45;-143,4;0,0;0,00;-0,442;300;0
26.08.2024;10:34:53;22,0;23,3;23,7;23,6;24,1;23,8;24,1;24,1;24,3;22,7;25,3;74,1;40;45;-143,5;0,0;0,00;-0,439;300;0
26.08.2024;10:35:04;22,0;23,3;23,7;23,6;24,1;23,8;24,1;24,1;24,3;22,7;25,3;74,3;40;45;-143,4;0,0;0,00;-0,442;300;0
26.08.2024;10:35:14;22,0;23,3;23,7;23,6;24,1;23,8;24,1;24,1;24,3;22,7;25,3;74,2;40;45;-143,5;0,0;0,00;-0,439;300;0
26.08.2024;10:35:24;22,0;23,3;23,7;23,6;24,1;23,8;24,1;24,1;24,3;22,7;25,3;74,3;40;45;-143,5;0,0;0,00;-0,442;300;0
26.08.2024;10:35:34;22,1;23,3;23,7;23,6;24,1;23,8;24,1;24,1;24,3;22,7;25,3;75,3;40;45;-143,5;0,0;0,00;-0,445;300;0
26.08.2024;10:35:44;22,1;23,3;23,7;23,6;24,1;23,8;24,1;24,1;24,3;22,7;25,3;74,3;40;45;-143,5;0,0;0,00;-0,445;300;0
26.08.2024;10:35:54;22,1;23,3;23,7;23,6;24,1;23,8;24,1;24,1;24,3;22,7;25,3;73,8;40;45;-143,5;0,0;0,00;-0,442;300;0
26.08.2024;10:36:04;22,1;23,3;23,7;23,6;24,1;23,8;24,1;24,1;24,3;22,7;25,3;73,8;40;45;-143,3;0,0;0,00;-0,442;300;0
26.08.2024;10:36:14;22,2;23,4;23,7;23,6;24,1;23,8;24,1;24,1;24,3;22,7;25,3;74,3;40;45;-143,3;0,0;0,00;-0,445;300;0
26.08.2024;10:36:24;22,2;23,4;23,7;23,6;24,1;23,8;24,1;24,1;24,3;22,7;25,3;74,2;40;45;-143,4;0,0;0,00;-0,442;300;0
26.08.2024;10:36:34;22,2;23,4;23,7;23,6;24,1;23,8;24,1;24,1;24,3;22,7;25,3;73,5;40;45;-143,4;0,0;0,00;-0,445;300;0
26.08.2024;10:36:44;22,2;23,4;23,7;23,6;24,1;23,8;24,1;24,1;24,3;22,7;25,3;74,3;40;45;-143,2;0,0;0,00;-0,442;300;0
26.08.2024;10:36:54;22,3;23,4;23,8;23,6;24,1;23,8;24,1;24,1;24,3;22,7;25,3;74,0;40;45;-143,3;0,0;0,00;-0,442;300;0
26.08.2024;10:37:04;22,3;23,4;23,8;23,6;24,1;23,8;24,1;24,1;24,3;22,7;25,3;74,2;40;45;-143,2;0,0;0,00;-0,442;300;0
26.08.2024;10:37:14;22,3;23,4;23,8;23,6;24,1;23,8;24,1;24,1;24,3;22,7;25,3;74,2;40;45;-143,2;0,0;0,00;-0,439;300;0
26.08.2024;10:37:24;22,3;23,4;23,8;23,6;24,1;23,8;24,1;24,1;24,3;22,7;25,3;74,2;40;45;-143,2;0,0;0,00;-0,439;300;0
26.08.2024;10:37:34;22,3;23,4;23,8;23,6;24,1;23,8;24,1;24,1;24,3;22,7;25,3;74,8;40;45;-143,1;0,0;0,00;-0,445;300;0
26.08.2024;10:37:45;22,3;23,4;23,8;23,6;24,1;23,8;24,1;24,1;24,3;22,7;25,3;74,2;40;45;-143,0;0,0;0,00;-0,442;300;0
26.08.2024;10:37:55;22,4;23,4;23,8;23,6;24,1;23,8;24,1;24,1;24,3;22,7;25,3;74,6;40;45;-143,2;0,0;0,00;-0,439;300;0
26.08.2024;10:38:05;22,4;23,4;23,8;23,6;24,1;23,8;24,1;24,1;24,3;22,7;25,3;74,2;40;45;-143,2;0,0;0,00;-0,436;300;0
26.08.2024;10:38:15;22,4;23,4;23,8;23,6;24,1;23,8;24,1;24,1;24,3;22,7;25,3;74,5;40;45;-143,1;0,0;0,00;-0,439;300;0
26.08.2024;10:38:25;22,4;23,4;23,8;23,6;24,1;23,8;24,1;24,1;24,3;22,7;25,3;74,6;40;45;-143,0;0,0;0,00;-0,442;300;0
26.08.2024;10:38:35;22,5;23,4;23,8;23,6;24,1;23,8;24,1;24,1;24,3;22,7;25,3;73,7;40;45;-143,0;0,0;0,00;-0,439;300;0
26.08.2024;10:38:45;22,5;23,4;23,8;23,6;24,1;23,8;24,1;24,1;24,3;22,7;25,3;74,5;40;45;-143,0;0,0;0,00;-0,439;300;0
26.08.2024;10:38:55;22,5;23,5;23,8;23,6;24,1;23,8;24,1;24,1;24,3;22,7;25,3;73,6;40;45;-142,9;0,0;0,00;-0,439;300;0
26.08.2024;10:39:05;22,5;23,5;23,8;23,6;24,1;23,8;24,1;24,1;24,3;22,7;25,3;73,8;40;45;-142,9;0,0;0,00;-0,439;300;0
26.08.2024;10:39:15;22,5;23,5;23,8;23,6;24,1;23,8;24,1;24,1;24,3;22,7;25,3;73,8;40;45;-142,8;0,0;0,00;-0,442;300;0
26.08.2024;10:39:25;22,5;23,5;23,8;23,6;24,1;23,8;24,1;24,1;24,3;22,7;25,3;73,7;40;45;-143,9;0,0;0,00;-0,442;300;0
26.08.2024;10:39:35;22,6;23,5;23,8;23,6;24,1;23,8;24,1;24,1;24,3;22,7;25,3;74,2;40;45;-144,2;0,0;0,00;-0,442;300;0
26.08.2024;10:39:45;22,6;23,5;23,8;23,6;24,1;23,8;24,1;24,1;24,3;22,8;25,3;73,7;40;45;-143,3;0,0;0,00;-0,439;300;0
26.08.2024;10:39:56;22,6;23,5;23,8;23,6;24,1;23,8;24,1;24,1;24,3;22,8;25,3;71,1;40;45;-143,4;0,0;0,00;-0,517;300;0
26.08.2024;10:40:06;22,6;23,5;23,8;23,6;24,1;23,8;24,1;24,1;24,3;22,8;25,3;71,3;40;45;-142,9;0,0;0,00;-0,526;300;0
26.08.2024;10:40:16;22,6;23,5;23,8;23,6;24,1;23,8;24,1;24,1;24,3;23,0;25,3;70,6;40;45;-142,7;0,0;0,00;-0,520;300;0
26.08.2024;10:40:26;22,6;23,5;23,8;23,6;24,1;23,8;24,1;24,1;24,3;23,0;25,3;72,3;40;45;-142,6;0,0;0,00;-0,517;300;0
26.08.2024;10:40:36;22,7;23,5;23,8;23,6;24,1;23,8;24,1;24,1;24,3;23,0;25,3;73,1;40;45;-142,6;0,0;0,00;-0,517;300;0
26.08.2024;10:40:46;22,7;23,5;23,8;23,6;24,1;23,8;24,1;24,1;24,3;23,0;25,3;71,5;40;45;-142,9;0,0;0,00;-0,517;300;0
26.08.2024;10:40:56;22,7;23,5;23,8;23,6;24,1;23,8;24,1;24,1;24,3;23,0;25,3;72,7;40;45;-143,3;0,0;0,00;-0,517;300;0
26.08.2024;10:41:06;22,7;23,5;23,8;23,7;24,1;23,8;24,1;24,1;24,3;23,0;25,3;71,5;40;45;-143,4;0,0;0,00;-0,517;300;0
26.08.2024;10:41:16;22,7;23,5;23,8;23,6;24,1;23,8;24,1;24,1;24,3;23,0;25,3;70,9;40;45;-143,7;0,0;0,00;-0,515;300;0
26.08.2024;10:41:26;22,7;23,5;23,8;23,7;24,1;23,8;24,1;24,1;24,3;23,0;25,3;71,5;40;45;-143,8;0,0;0,00;-0,517;300;0
26.08.2024;10:41:36;22,8;23,6;23,8;23,6;24,1;23,8;24,1;24,1;24,3;23,0;25,3;71,3;40;45;-143,9;0,0;0,00;-0,517;300;0
26.08.2024;10:41:46;22,8;23,6;23,8;23,7;24,1;23,8;24,1;24,1;24,3;23,0;25,3;70,6;40;45;-143,9;0,0;0,00;-0,517;300;0
26.08.2024;10:41:56;22,8;23,6;23,8;23,7;24,1;23,8;24,1;24,1;24,3;23,0;25,3;71,4;40;45;-144,2;0,0;0,00;-0,520;300;0
26.08.2024;10:42:06;22,8;23,6;23,8;23,7;24,1;23,8;24,1;24,1;24,3;23,0;25,3;71,4;40;45;-144,2;0,0;0,00;-0,515;300;0
26.08.2024;10:42:17;22,8;23,6;23,8;23,7;24,1;23,8;24,1;24,1;24,3;23,0;25,3;72,6;40;45;-144,1;0,0;0,00;-0,520;300;0
26.08.2024;10:42:27;22,8;23,6;23,8;23,7;24,1;23,8;24,1;24,1;24,3;23,0;25,3;72,4;40;45;-144,2;0,0;0,00;-0,517;300;0
26.08.2024;10:42:37;22,8;23,6;23,8;23,7;24,1;23,8;24,1;24,1;24,3;23,0;25,3;71,5;40;45;-144,2;0,0;0,00;-0,515;300;0
26.08.2024;10:42:47;22,9;23,6;23,8;23,7;24,1;23,8;24,1;24,1;24,3;23,0;25,3;71,3;40;45;-144,4;0,0;0,00;-0,517;300;0
26.08.2024;10:42:57;22,9;23,6;23,8;23,7;24,1;23,8;24,1;24,1;24,3;23,0;25,3;70,5;40;45;-144,2;0,0;0,00;-0,520;300;0
26.08.2024;10:43:07;22,9;23,6;23,8;23,7;24,1;23,8;24,1;24,1;24,3;23,0;25,3;72,1;40;45;-144,2;0,0;0,00;-0,517;300;0
26.08.2024;10:43:17;22,9;23,6;23,8;23,7;24,1;23,8;24,1;24,1;24,3;23,0;25,3;71,7;40;45;-144,1;0,0;0,00;-0,515;300;0
26.08.2024;10:43:27;22,9;23,6;23,8;23,7;24,1;23,8;24,1;24,1;24,3;23,0;25,3;71,2;40;45;-144,2;0,0;0,00;-0,517;300;0
26.08.2024;10:43:37;22,9;23,6;23,8;23,7;24,1;23,8;24,1;24,1;24,3;23,0;25,3;73,0;40;45;-144,1;0,0;0,00;-0,515;300;0
26.08.2024;10:43:47;22,9;23,6;23,8;23,7;24,1;23,8;24,1;24,1;24,3;23,0;25,3;73,1;40;45;-144,0;0,0;0,00;-0,517;300;0
26.08.2024;10:43:57;23,0;23,6;23,8;23,7;24,1;23,8;24,1;24,1;24,3;23,0;25,3;70,7;40;45;-144,1;0,0;0,00;-0,520;300;0
26.08.2024;10:44:07;23,0;23,6;23,8;23,7;24,1;23,8;24,1;24,1;24,3;23,0;25,3;71,1;40;45;-144,1;0,0;0,00;-0,512;300;0
26.08.2024;10:44:17;23,0;23,6;23,9;23,7;24,1;23,8;24,1;24,1;24,3;23,0;25,2;70,9;40;45;-144,1;0,0;0,00;-0,517;300;0
26.08.2024;10:44:27;23,0;23,6;23,8;23,7;24,1;23,8;24,1;24,1;24,3;23,0;25,2;70,5;40;45;-144,0;0,0;0,00;-0,517;300;0
26.08.2024;10:44:37;23,0;23,6;23,9;23,7;24,1;23,8;24,1;24,1;24,3;23,0;25,2;72,4;40;45;-144,1;0,0;0,00;-0,512;300;0
26.08.2024;10:44:48;23,0;23,6;23,9;23,7;24,1;23,8;24,1;24,1;24,3;23,0;25,3;72,1;40;45;-144,1;0,0;0,00;-0,517;300;0
26.08.2024;10:44:58;23,0;23,6;23,9;23,7;24,1;23,8;24,1;24,1;24,3;23,0;25,2;71,7;40;45;-144,0;0,0;0,00;-0,512;300;0
26.08.2024;10:45:08;23,0;23,6;23,9;23,7;24,1;23,8;24,1;24,1;24,3;23,0;25,2;71,0;40;45;-143,9;0,0;0,00;-0,517;300;0
26.08.2024;10:45:18;23,0;23,6;23,9;23,7;24,1;23,8;24,1;24,1;24,3;23,0;25,2;72,3;40;45;-143,9;0,0;0,00;-0,517;300;0
26.08.2024;10:45:28;23,0;23,6;23,9;23,7;24,1;23,8;24,1;24,1;24,3;23,0;25,2;71,1;40;45;-144,0;0,0;0,00;-0,515;300;0
26.08.2024;10:45:38;23,1;23,6;23,9;23,7;24,1;23,8;24,1;24,1;24,3;23,0;25,2;71,0;40;45;-144,0;0,0;0,00;-0,515;300;0
26.08.2024;10:45:48;23,1;23,6;23,9;23,7;24,1;23,8;24,1;24,1;24,3;23,0;25,2;73,0;40;45;-143,9;0,0;0,00;-0,517;300;0
26.08.2024;10:45:58;23,1;23,7;23,9;23,7;24,1;23,8;24,1;24,1;24,3;23,0;25,2;70,8;40;45;-143,8;0,0;0,00;-0,517;300;0
26.08.2024;10:46:08;23,1;23,7;23,9;23,7;24,1;23,8;24,1;24,1;24,3;23,0;25,2;70,5;40;45;-143,8;0,0;0,00;-0,520;300;0
26.08.2024;10:46:18;23,1;23,7;23,9;23,7;24,1;23,8;24,1;24,1;24,3;23,0;25,2;72,0;40;45;-143,7;0,0;0,00;-0,517;300;0
26.08.2024;10:46:28;23,1;23,6;23,9;23,7;24,1;23,8;24,1;24,1;24,3;23,0;25,2;71,8;40;45;-143,7;0,0;0,00;-0,520;300;0
26.08.2024;10:46:38;23,1;23,7;23,9;23,7;24,1;23,8;24,1;24,1;24,3;23,0;25,2;72,0;40;45;-143,7;0,0;0,00;-0,517;300;0
26.08.2024;10:46:48;23,1;23,7;23,9;23,7;24,1;23,8;24,1;24,1;24,3;23,0;25,2;70,7;40;45;-143,5;0,0;0,00;-0,512;300;0
26.08.2024;10:46:58;23,2;23,7;23,9;23,7;24,1;23,8;24,1;24,1;24,3;23,0;25,2;72,8;40;45;-143,5;0,0;0,00;-0,515;300;0
26.08.2024;10:47:08;23,2;23,7;23,9;23,7;24,1;23,8;24,1;24,1;24,3;23,0;25,2;71,8;40;45;-143,7;0,0;0,00;-0,520;300;0
26.08.2024;10:47:19;23,2;23,7;23,9;23,7;24,1;23,8;24,1;24,1;24,3;23,0;25,2;73,8;40;45;-145,0;0,0;0,00;-0,448;300;0
26.08.2024;10:47:29;23,2;23,7;23,9;23,7;24,1;23,8;24,1;24,1;24,3;23,0;25,2;73,7;40;45;-144,8;0,0;0,00;-0,439;300;0
26.08.2024;10:47:39;23,2;23,7;23,9;23,7;24,1;23,8;24,1;24,1;24,3;23,0;25,2;72,3;40;45;-143,5;0,0;0,00;-0,515;300;0
26.08.2024;10:47:49;23,2;23,7;23,9;23,7;24,1;23,8;24,1;24,1;24,3;23,0;25,2;72,6;40;45;-144,8;0,0;0,00;-0,515;300;0
26.08.2024;10:47:59;23,2;23,7;23,9;23,7;24,1;23,8;24,1;24,1;24,3;23,0;25,2;70,3;40;45;-145,3;0,0;0,00;-0,517;300;0
26.08.2024;10:48:09;23,2;23,7;23,9;23,7;24,1;23,8;24,1;24,1;24,3;23,0;25,2;71,8;40;45;-145,5;0,0;0,00;-0,515;300;0
26.08.2024;10:48:19;23,3;23,7;23,9;23,7;24,1;23,8;24,1;24,1;24,3;23,0;25,2;72,1;40;45;-144,9;0,0;0,00;-0,517;300;0
26.08.2024;10:48:29;23,2;23,7;23,9;23,7;24,2;23,8;24,1;24,1;24,3;23,0;25,2;71,6;40;45;-145,0;0,0;0,00;-0,512;300;0
26.08.2024;10:48:39;23,3;23,7;23,9;23,7;24,1;23,8;24,1;24,1;24,3;23,0;25,2;71,7;40;45;-145,1;0,0;0,00;-0,517;300;0
26.08.2024;10:48:49;23,3;23,7;23,9;23,7;24,1;23,8;24,1;24,1;24,3;23,0;25,2;71,8;40;45;-145,1;0,0;0,00;-0,517;300;0
26.08.2024;10:48:59;23,3;23,7;23,9;23,7;24,1;23,8;24,1;24,1;24,3;23,0;25,2;72,1;40;45;-145,1;0,0;0,00;-0,517;300;0
26.08.2024;10:49:09;23,3;23,7;23,9;23,7;24,1;23,8;24,1;24,1;24,3;23,0;25,2;71,7;40;45;-145,2;0,0;0,00;-0,517;300;0
26.08.2024;10:49:19;23,3;23,7;23,9;23,7;24,1;23,8;24,1;24,1;24,3;23,0;25,2;72,6;40;45;-145,1;0,0;0,00;-0,512;300;0
26.08.2024;10:49:29;23,3;23,7;23,9;23,7;24,1;23,8;24,1;24,1;24,3;23,0;25,2;71,7;40;45;-145,1;0,0;0,00;-0,515;300;0
26.08.2024;10:49:39;23,3;23,7;23,9;23,7;24,1;23,8;24,1;24,0;24,3;23,0;25,2;71,5;40;45;-145,0;0,0;0,00;-0,515;300;0
26.08.2024;10:49:50;23,3;23,7;23,9;23,7;24,1;23,8;24,1;24,1;24,3;23,0;25,2;73,0;40;45;-144,9;0,0;0,00;-0,512;300;0
26.08.2024;10:50:00;23,3;23,7;23,9;23,7;24,1;23,8;24,1;24,1;24,3;23,0;25,2;72,5;40;45;-145,1;0,0;0,00;-0,515;300;0
26.08.2024;10:50:10;23,3;23,7;23,9;23,7;24,1;23,8;24,1;24,0;24,3;23,0;25,2;71,0;40;45;-144,9;0,0;0,00;-0,517;300;0
26.08.2024;10:50:20;23,3;23,7;23,9;23,7;24,2;23,8;24,1;24,0;24,3;23,0;25,2;71,2;40;45;-144,8;0,0;0,00;-0,517;300;0
26.08.2024;10:50:30;23,3;23,7;23,9;23,7;24,1;23,8;24,1;24,0;24,3;23,0;25,2;72,3;40;45;-144,8;0,0;0,00;-0,515;300;0
26.08.2024;10:50:40;23,3;23,8;23,9;23,7;24,1;23,8;24,1;24,0;24,3;23,0;25,2;70,7;40;45;-144,5;0,0;0,00;-0,517;300;0
26.08.2024;10:50:50;23,4;23,7;23,9;23,7;24,2;23,8;24,1;24,0;24,3;23,0;25,2;73,0;40;45;-144,5;0,0;0,00;-0,515;300;0
26.08.2024;10:51:00;23,4;23,8;23,9;23,7;24,1;23,8;24,1;24,0;24,3;23,0;25,2;72,0;40;45;-144,6;0,0;0,00;-0,520;300;0
26.08.2024;10:51:10;23,4;23,8;23,9;23,7;24,2;23,8;24,1;24,0;24,3;23,0;25,2;71,7;40;45;-144,6;0,0;0,00;-0,520;300;0
26.08.2024;10:51:20;23,4;23,8;23,9;23,7;24,1;23,8;24,1;24,0;24,3;23,0;25,2;71,6;40;45;-144,5;0,0;0,00;-0,520;300;0
26.08.2024;10:51:30;23,4;23,8;23,9;23,7;24,2;23,8;24,1;24,0;24,3;23,0;25,2;72,8;40;45;-144,5;0,0;0,00;-0,520;300;0
26.08.2024;10:51:40;23,4;23,8;23,9;23,7;24,1;23,8;24,1;24,0;24,3;23,0;25,2;72,7;40;45;-144,5;0,0;0,00;-0,517;300;0
26.08.2024;10:51:50;23,4;23,8;23,9;23,7;24,1;23,8;24,1;24,0;24,3;23,0;25,2;71,1;40;45;-144,5;0,0;0,00;-0,520;300;0
26.08.2024;10:52:01;23,4;23,8;23,9;23,7;24,2;23,8;24,1;24,0;24,3;23,0;25,2;71,6;40;45;-144,4;0,0;0,00;-0,517;300;0
26.08.2024;10:52:11;23,4;23,8;23,9;23,7;24,2;23,8;24,1;24,0;24,3;23,0;25,2;71,6;40;45;-144,2;0,0;0,00;-0,517;300;0
26.08.2024;10:52:21;23,4;23,8;23,9;23,7;24,2;23,8;24,1;24,0;24,3;23,0;25,2;70,6;40;45;-144,2;0,0;0,00;-0,517;300;0
26.08.2024;10:52:31;23,4;23,8;23,9;23,7;24,1;23,8;24,1;24,0;24,3;23,0;25,2;71,8;40;45;-144,4;0,0;0,00;-0,515;300;0
26.08.2024;10:52:41;23,4;23,8;23,9;23,7;24,2;23,8;24,1;24,0;24,3;23,0;25,2;70,9;40;45;-144,4;0,0;0,00;-0,517;300;0
26.08.2024;10:52:51;23,5;23,8;23,9;23,7;24,2;23,8;24,1;24,0;24,3;23,0;25,2;72,4;40;45;-144,1;0,0;0,00;-0,515;300;0
26.08.2024;10:53:01;23,5;23,8;23,9;23,7;24,2;23,8;24,1;24,0;24,3;23,0;25,2;71,7;40;45;-144,0;0,0;0,00;-0,520;300;0
26.08.2024;10:53:11;23,5;23,8;23,9;23,7;24,1;23,8;24,1;24,0;24,3;23,0;25,2;73,3;40;45;-144,1;0,0;0,00;-0,517;300;0
26.08.2024;10:53:21;23,5;23,8;23,9;23,7;24,2;23,8;24,1;24,0;24,3;23,0;25,2;71,7;40;45;-144,2;0,0;0,00;-0,517;300;0
26.08.2024;10:53:31;23,5;23,8;23,9;23,7;24,2;23,8;24,1;24,0;24,3;23,0;25,2;72,4;40;45;-144,2;0,0;0,00;-0,517;300;0
26.08.2024;10:53:41;23,5;23,8;23,9;23,7;24,2;23,8;24,1;24,0;24,3;23,0;25,2;71,8;40;45;-144,2;0,0;0,00;-0,515;300;0
26.08.2024;10:53:51;23,5;23,8;23,9;23,7;24,2;23,8;24,1;24,0;24,3;23,0;25,2;72,5;40;45;-144,4;0,0;0,00;-0,515;300;0
26.08.2024;10:54:01;23,5;23,8;23,9;23,7;24,2;23,8;24,1;24,0;24,3;23,0;25,2;71,6;40;45;-144,2;0,0;0,00;-0,515;300;0
26.08.2024;10:54:11;23,5;23,8;23,9;23,7;24,2;23,8;24,1;24,0;24,3;23,0;25,2;71,1;40;45;-144,1;0,0;0,00;-0,517;300;0
26.08.2024;10:54:21;23,5;23,8;23,9;23,7;24,2;23,8;24,1;24,0;24,3;23,0;25,2;71,3;40;45;-144,1;0,0;0,00;-0,517;300;0
26.08.2024;10:54:32;23,5;23,8;24,0;23,7;24,2;23,8;24,1;24,0;24,3;23,0;25,2;70,8;40;45;-144,2;0,0;0,00;-0,517;300;0
26.08.2024;10:54:42;23,5;23,8;23,9;23,7;24,2;23,8;24,1;24,0;24,2;23,0;25,2;71,5;40;45;-144,0;0,0;0,00;-0,515;300;0
26.08.2024;10:54:52;23,5;23,8;24,0;23,7;24,2;23,8;24,1;24,0;24,3;23,0;25,2;72,0;40;45;-144,1;0,0;0,00;-0,515;300;0
26.08.2024;10:55:02;23,6;23,8;24,0;23,7;24,2;23,8;24,1;24,0;24,2;23,0;25,2;72,7;40;45;-144,0;0,0;0,00;-0,517;300;0
26.08.2024;10:55:12;23,6;23,8;24,0;23,7;24,2;23,8;24,1;24,0;24,2;23,0;25,2;70,3;40;45;-144,0;0,0;0,00;-0,517;300;0
26.08.2024;10:55:22;23,6;23,8;24,0;23,7;24,2;23,8;24,1;24,0;24,2;23,0;25,2;72,3;40;45;-143,8;0,0;0,00;-0,520;300;0
26.08.2024;10:55:32;23,6;23,8;24,0;23,7;24,2;23,8;24,1;24,0;24,2;23,0;25,2;72,6;40;45;-143,9;0,0;0,00;-0,517;300;0
26.08.2024;10:55:42;23,6;23,8;24,0;23,7;24,2;23,8;24,1;24,0;24,2;23,0;25,2;72,6;40;45;-143,8;0,0;0,00;-0,517;300;0
26.08.2024;10:55:52;23,6;23,8;24,0;23,7;24,2;23,8;24,1;24,0;24,2;23,0;25,2;73,0;40;45;-144,0;0,0;0,00;-0,526;300;0
26.08.2024;10:56:02;23,6;23,8;24,0;23,7;24,2;23,8;24,1;24,0;24,2;23,0;25,2;71,7;40;45;-144,0;0,0;0,00;-0,515;300;0
26.08.2024;10:56:12;23,6;23,8;24,0;23,7;24,2;23,8;24,1;24,0;24,2;23,0;25,2;72,0;40;45;-144,1;0,0;0,00;-0,517;300;0
26.08.2024;10:56:22;23,6;23,8;24,0;23,7;24,2;23,8;24,1;24,0;24,2;23,0;25,2;72,0;40;45;-143,8;0,0;0,00;-0,517;300;0
26.08.2024;10:56:32;23,6;23,8;24,0;23,7;24,2;23,8;24,1;24,0;24,2;23,0;25,2;72,6;40;45;-143,8;0,0;0,00;-0,517;300;0
26.08.2024;10:56:42;23,6;23,8;24,0;23,7;24,2;23,8;24,2;24,0;24,2;23,0;25,2;72,1;40;45;-143,8;0,0;0,00;-0,515;300;0
26.08.2024;10:56:53;23,6;23,8;24,0;23,7;24,2;23,8;24,1;24,0;24,2;23,0;25,2;71,8;40;45;-143,9;0,0;0,00;-0,515;300;0
26.08.2024;10:57:03;23,6;23,8;24,0;23,7;24,2;23,8;24,1;24,0;24,2;23,0;25,2;71,7;40;45;-143,9;0,0;0,00;-0,517;300;0
26.08.2024;10:57:13;23,6;23,8;24,0;23,7;24,2;23,8;24,1;24,0;24,2;23,0;25,2;72,5;40;45;-143,8;0,0;0,00;-0,515;300;0
26.08.2024;10:57:23;23,6;23,8;24,0;23,7;24,2;23,8;24,1;24,0;24,2;23,0;25,2;72,2;40;45;-143,5;0,0;0,00;-0,512;300;0
26.08.2024;10:57:33;23,6;23,8;24,0;23,7;24,2;23,8;24,1;24,0;24,2;23,0;25,2;71,0;40;45;-143,5;0,0;0,00;-0,517;300;0
26.08.2024;10:57:43;23,6;23,8;24,0;23,7;24,2;23,8;24,1;24,0;24,2;23,0;25,2;72,5;40;45;-143,5;0,0;0,00;-0,517;300;0
26.08.2024;10:57:53;23,6;23,8;24,0;23,7;24,2;23,8;24,1;24,0;24,2;23,0;25,2;72,2;40;45;-143,5;0,0;0,00;-0,517;300;0
26.08.2024;10:58:03;23,6;23,8;24,0;23,7;24,2;23,8;24,1;24,0;24,2;23,0;25,2;71,9;40;45;-143,5;0,0;0,00;-0,515;300;0
26.08.2024;10:58:13;23,6;23,8;24,0;23,7;24,2;23,8;24,1;24,0;24,2;23,0;25,2;72,0;40;45;-143,3;0,0;0,00;-0,515;300;0
26.08.2024;10:58:23;23,6;23,8;24,0;23,7;24,2;23,8;24,1;24,0;24,2;23,0;25,1;72,1;40;45;-143,3;0,0;0,00;-0,512;300;0
26.08.2024;10:58:33;23,6;23,8;24,0;23,7;24,2;23,8;24,1;24,0;24,2;23,0;25,2;70,9;40;45;-143,3;0,0;0,00;-0,517;300;0
26.08.2024;10:58:43;23,6;23,8;24,0;23,7;24,2;23,8;24,1;24,0;24,2;23,0;25,1;72,3;40;45;-143,4;0,0;0,00;-0,512;300;0
26.08.2024;10:58:53;23,7;23,8;24,0;23,7;24,2;23,8;24,1;24,0;24,2;23,0;25,1;72,3;40;45;-143,3;0,0;0,00;-0,512;300;0
26.08.2024;10:59:04;23,7;23,8;24,0;23,7;24,2;23,8;24,1;24,0;24,2;23,0;25,1;70,8;40;45;-143,3;0,0;0,00;-0,515;300;0
26.08.2024;10:59:14;23,7;23,8;24,0;23,7;24,2;23,8;24,1;24,0;24,2;23,0;25,1;71,6;40;45;-143,3;0,0;0,00;-0,515;300;0
26.08.2024;10:59:24;23,7;23,8;24,0;23,7;24,2;23,8;24,1;24,0;24,2;23,0;25,1;72,4;40;45;-143,3;0,0;0,00;-0,512;300;0
26.08.2024;10:59:34;23,7;23,8;24,0;23,7;24,2;23,8;24,1;24,0;24,2;23,0;25,1;71,7;40;45;-143,3;0,0;0,00;-0,517;300;0
26.08.2024;10:59:44;23,7;23,8;24,0;23,7;24,2;23,8;24,1;24,0;24,2;23,0;25,1;71,4;40;45;-143,2;0,0;0,00;-0,517;300;0
26.08.2024;10:59:54;23,7;23,8;24,0;23,7;24,2;23,8;24,1;24,0;24,2;23,0;25,1;71,0;40;45;-143,3;0,0;0,00;-0,517;300;0
26.08.2024;11:00:04;23,7;23,8;24,0;23,7;24,2;23,8;24,1;24,0;24,2;23,0;25,1;71,6;40;45;-143,4;0,0;0,00;-0,515;300;0
26.08.2024;11:00:14;23,7;23,9;24,0;23,7;24,2;23,8;24,1;24,0;24,2;23,0;25,1;72,0;40;45;-143,3;0,0;0,00;-0,517;300;0
26.08.2024;11:00:24;23,7;23,8;24,0;23,7;24,2;23,8;24,1;24,0;24,2;23,0;25,1;72,5;40;45;-143,3;0,0;0,00;-0,517;300;0
26.08.2024;11:00:34;23,7;23,8;24,0;23,7;24,2;23,8;24,1;24,0;24,2;23,0;25,1;72,0;40;45;-143,3;0,0;0,00;-0,512;300;0
26.08.2024;11:00:44;23,7;23,9;24,0;23,7;24,2;23,8;24,2;24,0;24,2;23,0;25,1;71,7;40;45;-143,4;0,0;0,00;-0,517;300;0
26.08.2024;11:00:54;23,7;23,9;24,0;23,7;24,2;23,8;24,2;24,0;24,2;23,0;25,1;71,5;40;45;-143,3;0,0;0,00;-0,512;300;0
26.08.2024;11:01:04;23,7;23,9;24,0;23,7;24,2;23,8;24,1;24,0;24,2;23,0;25,1;71,3;40;45;-143,4;0,0;0,00;-0,517;300;0
26.08.2024;11:01:14;23,7;23,9;24,0;23,7;24,2;23,8;24,1;24,0;24,2;23,0;25,1;72,8;40;45;-143,3;0,0;0,00;-0,520;300;0
26.08.2024;11:01:25;23,7;23,9;24,0;23,7;24,2;23,8;24,2;24,0;24,2;23,0;25,1;73,0;40;45;-143,3;0,0;0,00;-0,517;300;0
26.08.2024;11:01:35;23,7;23,8;24,0;23,8;24,2;23,8;24,1;24,0;24,2;23,0;25,1;71,7;40;45;-143,3;0,0;0,00;-0,515;300;0
26.08.2024;11:01:45;23,7;23,9;24,0;23,7;24,2;23,8;24,2;24,0;24,2;23,0;25,1;72,4;40;45;-143,4;0,0;0,00;-0,515;300;0
26.08.2024;11:01:55;23,7;23,9;24,0;23,7;24,2;23,8;24,1;23,9;24,2;23,0;25,1;71,3;40;45;-143,4;0,0;0,00;-0,515;300;0
26.08.2024;11:02:05;23,8;23,9;24,0;23,7;24,2;23,8;24,1;24,0;24,2;23,0;25,1;71,0;40;45;-143,4;0,0;0,00;-0,515;300;0
26.08.2024;11:02:15;23,8;23,9;24,0;23,8;24,2;23,8;24,1;24,0;24,2;23,0;25,1;71,7;40;45;-143,3;0,0;0,00;-0,512;300;0
26.08.2024;11:02:25;23,8;23,9;24,0;23,7;24,2;23,8;24,1;24,0;24,2;23,0;25,1;71,5;40;45;-143,4;0,0;0,00;-0,517;300;0
26.08.2024;11:02:35;23,8;23,9;24,0;23,7;24,2;23,8;24,1;24,0;24,2;23,0;25,1;73,1;40;45;-143,4;0,0;0,00;-0,517;300;0
26.08.2024;11:02:45;23,8;23,9;24,0;23,7;24,2;23,8;24,2;24,0;24,2;23,0;25,1;72,7;40;45;-143,4;0,0;0,00;-0,520;300;0
26.08.2024;11:02:55;23,8;23,9;24,0;23,7;24,2;23,8;24,2;23,9;24,2;23,0;25,1;71,5;40;45;-143,3;0,0;0,00;-0,515;300;0
26.08.2024;11:03:05;23,8;23,9;24,0;23,7;24,2;23,8;24,2;23,9;24,2;23,0;25,1;71,3;40;45;-143,4;0,0;0,00;-0,517;300;0
26.08.2024;11:03:15;23,8;23,9;24,0;23,7;24,2;23,8;24,2;23,9;24,2;23,0;25,1;70,8;40;45;-143,4;0,0;0,00;-0,520;300;0
26.08.2024;11:03:25;23,8;23,9;24,0;23,7;24,2;23,8;24,1;24,0;24,2;23,0;25,1;72,4;40;45;-143,4;0,0;0,00;-0,515;300;0
26.08.2024;11:03:36;23,8;23,9;24,0;23,7;24,2;23,8;24,1;23,9;24,2;23,0;25,1;71,7;40;45;-143,5;0,0;0,00;-0,517;300;0
26.08.2024;11:03:46;23,8;23,9;24,0;23,7;24,2;23,8;24,2;23,9;24,2;23,0;25,1;72,4;40;45;-143,5;0,0;0,00;-0,517;300;0
26.08.2024;11:03:56;23,8;23,9;24,0;23,7;24,2;23,8;24,2;23,9;24,2;23,0;25,1;71,6;40;45;-143,5;0,0;0,00;-0,515;300;0
26.08.2024;11:04:06;23,8;23,9;24,0;23,7;24,2;23,8;24,2;24,0;24,2;23,0;25,1;72,5;40;45;-143,4;0,0;0,00;-0,520;300;0
26.08.2024;11:04:16;23,8;23,9;24,0;23,7;24,2;23,8;24,2;23,9;24,2;23,0;25,1;72,7;40;45;-143,5;0,0;0,00;-0,512;300;0
26.08.2024;11:04:26;23,8;23,9;24,0;23,7;24,2;23,8;24,2;23,9;24,2;23,0;25,1;72,2;40;45;-143,5;0,0;0,00;-0,517;300;0
26.08.2024;11:04:36;23,8;23,9;24,0;23,7;24,2;23,8;24,2;23,9;24,2;23,0;25,1;71,0;40;45;-143,5;0,0;0,00;-0,512;300;0
26.08.2024;11:04:46;23,8;23,9;24,0;23,7;24,2;23,8;24,2;23,9;24,2;23,0;25,1;71,6;40;45;-143,5;0,0;0,00;-0,517;300;0
26.08.2024;11:04:56;23,8;23,9;24,0;23,7;24,2;23,8;24,2;23,9;24,2;23,0;25,1;72,3;40;45;-143,7;0,0;0,00;-0,517;300;0
26.08.2024;11:05:06;23,8;23,9;24,0;23,7;24,2;23,8;24,2;23,9;24,2;23,0;25,1;71,8;40;45;-143,5;0,0;0,00;-0,515;300;0
26.08.2024;11:05:16;23,8;23,9;24,0;23,7;24,2;23,8;24,2;23,9;24,2;23,0;25,1;71,7;40;45;-143,7;0,0;0,00;-0,515;300;0
26.08.2024;11:05:26;23,8;23,9;24,0;23,7;24,2;23,8;24,1;24,0;24,2;23,0;25,1;72,1;40;45;-143,8;0,0;0,00;-0,515;300;0
26.08.2024;11:05:37;23,8;23,9;24,0;23,7;24,2;23,8;24,2;23,9;24,2;23,0;25,1;70,6;40;45;-143,7;0,0;0,00;-0,517;300;0
26.08.2024;11:05:47;23,8;23,9;24,0;23,7;24,2;23,8;24,2;23,9;24,2;23,0;25,1;71,5;40;45;-143,8;0,0;0,00;-0,517;300;0
26.08.2024;11:05:57;23,8;23,9;24,0;23,8;24,2;23,8;24,2;23,9;24,2;23,0;25,1;71,7;40;45;-143,8;0,0;0,00;-0,512;300;0
26.08.2024;11:06:07;23,8;23,9;24,0;23,7;24,2;23,8;24,2;23,9;24,2;23,0;25,1;72,4;40;45;-143,7;0,0;0,00;-0,517;300;0
26.08.2024;11:06:17;23,8;23,9;24,0;23,7;24,2;23,8;24,2;23,9;24,2;23,0;25,1;72,3;40;45;-143,8;0,0;0,00;-0,517;300;0
26.08.2024;11:06:27;23,8;23,9;24,0;23,7;24,2;23,8;24,1;23,9;24,2;23,0;25,1;72,0;40;45;-143,8;0,0;0,00;-0,512;300;0
26.08.2024;11:06:37;23,8;23,9;24,0;23,7;24,2;23,8;24,2;23,9;24,2;23,0;25,1;71,6;40;45;-143,8;0,0;0,00;-0,517;300;0
26.08.2024;11:06:47;23,8;23,9;24,0;23,8;24,2;23,8;24,2;23,9;24,2;23,0;25,1;71,1;40;45;-143,9;0,0;0,00;-0,520;300;0
26.08.2024;11:06:57;23,8;23,9;24,0;23,7;24,2;23,8;24,2;23,9;24,2;23,0;25,1;71,5;40;45;-143,8;0,0;0,00;-0,517;300;0
26.08.2024;11:07:07;23,8;23,9;24,0;23,7;24,2;23,8;24,2;23,9;24,2;23,0;25,1;72,5;40;45;-143,9;0,0;0,00;-0,517;300;0
26.08.2024;11:07:17;23,8;23,9;24,0;23,7;24,2;23,8;24,2;23,9;24,2;23,0;25,1;72,4;40;45;-144,0;0,0;0,00;-0,520;300;0
26.08.2024;11:07:27;23,8;23,9;24,0;23,7;24,2;23,8;24,2;23,9;24,2;23,0;25,1;72,0;40;45;-144,0;0,0;0,00;-0,520;300;0
26.08.2024;11:07:38;23,8;23,9;24,0;23,7;24,2;23,8;24,2;23,9;24,2;23,0;25,1;71,6;40;45;-144,1;0,0;0,00;-0,515;300;0
26.08.2024;11:07:48;23,8;23,9;24,0;23,7;24,2;23,8;24,2;23,9;24,2;23,0;25,1;72,6;40;45;-143,9;0,0;0,00;-0,517;300;0
26.08.2024;11:07:58;23,9;23,9;24,0;23,7;24,2;23,8;24,2;23,9;24,2;23,0;25,1;70,8;40;45;-144,2;0,0;0,00;-0,517;300;0
26.08.2024;11:08:08;23,9;23,9;24,0;23,7;24,2;23,8;24,2;23,9;24,2;23,0;25,1;71,5;40;45;-144,1;0,0;0,00;-0,512;300;0
26.08.2024;11:08:18;23,9;23,9;24,0;23,7;24,2;23,8;24,2;23,9;24,2;23,0;25,1;72,4;40;45;-144,2;0,0;0,00;-0,515;300;0
26.08.2024;11:08:28;23,9;23,9;24,0;23,7;24,2;23,8;24,2;23,9;24,2;23,0;25,1;72,4;40;45;-144,2;0,0;0,00;-0,515;300;0
26.08.2024;11:08:38;23,9;23,9;24,0;23,7;24,2;23,8;24,2;23,9;24,2;23,0;25,1;71,1;40;45;-144,2;0,0;0,00;-0,517;300;0
26.08.2024;11:08:48;23,9;23,9;24,0;23,7;24,2;23,8;24,2;23,9;24,2;23,0;25,1;71,7;40;45;-144,2;0,0;0,00;-0,515;300;0
26.08.2024;11:08:58;23,9;23,9;24,0;23,7;24,2;23,8;24,2;23,9;24,1;23,0;25,1;71,5;40;45;-144,2;0,0;0,00;-0,515;300;0
26.08.2024;11:09:08;23,9;23,9;24,0;23,8;24,2;23,8;24,2;23,9;24,2;23,0;25,1;72,2;40;45;-144,4;0,0;0,00;-0,515;300;0
26.08.2024;11:09:18;23,9;23,9;24,0;23,7;24,2;23,8;24,2;23,9;24,2;23,0;25,1;71,1;40;45;-144,4;0,0;0,00;-0,517;300;0
26.08.2024;11:09:28;23,9;23,9;24,0;23,8;24,2;23,8;24,2;23,9;24,1;23,0;25,1;71,3;40;45;-144,2;0,0;0,00;-0,517;300;0
26.08.2024;11:09:38;23,9;23,9;24,0;23,7;24,2;23,8;24,2;23,9;24,1;23,0;25,1;72,5;40;45;-144,2;0,0;0,00;-0,517;300;0
26.08.2024;11:09:49;23,9;23,9;24,0;23,8;24,2;23,8;24,2;23,9;24,1;23,0;25,1;72,3;40;45;-144,4;0,0;0,00;-0,515;300;0
26.08.2024;11:09:59;23,9;23,9;24,0;23,7;24,2;23,8;24,2;23,9;24,2;23,0;25,1;72,0;40;45;-144,4;0,0;0,00;-0,517;300;0
26.08.2024;11:10:09;23,9;23,9;24,0;23,8;24,2;23,8;24,2;23,9;24,2;23,0;25,1;71,9;40;45;-144,5;0,0;0,00;-0,512;300;0
26.08.2024;11:10:19;23,9;23,9;24,0;23,7;24,2;23,8;24,2;23,9;24,1;23,0;25,1;71,3;40;45;-144,5;0,0;0,00;-0,515;300;0
26.08.2024;11:10:29;23,9;23,9;24,0;23,7;24,2;23,8;24,2;23,9;24,1;23,0;25,1;72,0;40;45;-144,4;0,0;0,00;-0,515;300;0
26.08.2024;11:10:39;23,9;23,9;24,0;23,7;24,2;23,8;24,2;23,9;24,1;23,0;25,1;72,3;40;45;-144,2;0,0;0,00;-0,517;300;0
26.08.2024;11:10:49;23,9;23,9;24,0;23,8;24,2;23,8;24,2;23,9;24,1;23,0;25,1;72,0;40;45;-144,2;0,0;0,00;-0,515;300;0
26.08.2024;11:10:59;23,9;23,9;24,0;23,7;24,2;23,8;24,2;23,9;24,1;23,0;25,1;71,3;40;45;-144,5;0,0;0,00;-0,515;300;0
26.08.2024;11:11:09;23,9;23,9;24,0;23,7;24,2;23,8;24,2;23,9;24,1;23,0;25,1;72,6;40;45;-144,2;0,0;0,00;-0,515;300;0
26.08.2024;11:11:19;23,9;23,9;24,0;23,8;24,2;23,8;24,2;23,9;24,1;23,0;25,1;72,2;40;45;-144,2;0,0;0,00;-0,517;300;0
26.08.2024;11:11:29;23,9;23,9;24,0;23,7;24,2;23,8;24,2;23,9;24,1;23,0;25,1;72,4;40;45;-144,4;0,0;0,00;-0,515;300;0
26.08.2024;11:11:39;23,9;23,9;24,0;23,7;24,2;23,8;24,2;23,9;24,1;23,0;25,1;71,2;40;45;-144,4;0,0;0,00;-0,512;300;0
26.08.2024;11:11:49;23,9;23,9;24,0;23,7;24,2;23,8;24,2;23,9;24,1;23,0;25,1;71,6;40;45;-144,5;0,0;0,00;-0,515;300;0
26.08.2024;11:12:00;23,9;23,9;24,0;23,7;24,2;23,8;24,2;23,9;24,1;23,0;25,1;70,9;40;45;-144,5;0,0;0,00;-0,512;300;0
26.08.2024;11:12:10;23,9;23,9;24,0;23,7;24,2;23,8;24,2;23,9;24,1;23,0;25,1;71,0;40;45;-144,4;0,0;0,00;-0,506;300;0
26.08.2024;11:12:20;23,9;23,9;24,0;23,7;24,2;23,8;24,2;23,9;24,1;23,0;25,1;71,4;40;45;-144,4;0,0;0,00;-0,512;300;0
26.08.2024;11:12:30;23,9;23,9;24,0;23,7;24,2;23,8;24,2;23,9;24,1;23,0;25,1;70,8;40;45;-144,4;0,0;0,00;-0,512;300;0
26.08.2024;11:12:40;23,9;23,9;24,0;23,7;24,2;23,8;24,2;23,9;24,1;23,0;25,1;71,2;40;45;-144,4;0,0;0,00;-0,515;300;0
26.08.2024;11:12:50;23,9;23,9;24,0;23,7;24,2;23,8;24,2;23,9;24,1;23,0;25,1;70,9;40;45;-144,4;0,0;0,00;-0,512;300;0
26.08.2024;11:13:00;23,9;23,9;24,0;23,7;24,2;23,8;24,2;23,9;24,1;23,0;25,1;71,6;40;45;-144,2;0,0;0,00;-0,512;300;0
26.08.2024;11:13:10;23,9;23,9;24,0;23,7;24,2;23,8;24,2;23,9;24,1;23,0;25,1;69,8;40;45;-144,2;0,0;0,00;-0,512;300;0
26.08.2024;11:13:20;23,9;23,9;24,0;23,7;24,2;23,8;24,2;23,9;24,1;23,0;25,1;70,7;40;45;-144,2;0,0;0,00;-0,509;300;0
26.08.2024;11:13:30;23,9;23,9;24,0;23,7;24,2;23,8;24,2;23,9;24,1;23,0;25,1;71,0;40;45;-144,2;0,0;0,00;-0,509;300;0
26.08.2024;11:13:40;23,9;23,9;24,0;23,7;24,2;23,8;24,2;23,9;24,1;23,0;25,1;71,6;40;45;-144,2;0,0;0,00;-0,509;300;0
26.08.2024;11:13:50;23,9;23,9;24,0;23,7;24,2;23,8;24,2;23,9;24,1;23,0;25,1;71,0;40;45;-144,4;0,0;0,00;-0,509;300;0
26.08.2024;11:14:00;23,9;23,9;24,0;23,7;24,2;23,8;24,2;23,9;24,1;23,0;25,1;72,4;40;45;-144,2;0,0;0,00;-0,509;300;0
26.08.2024;11:14:11;23,9;23,9;24,0;23,7;24,2;23,8;24,2;23,9;24,1;23,0;25,1;71,1;40;45;-144,4;0,0;0,00;-0,515;300;0
26.08.2024;11:14:21;24,0;23,9;24,0;23,7;24,2;23,8;24,2;23,9;24,1;23,0;25,1;71,7;40;45;-144,5;0,0;0,00;-0,515;300;0
26.08.2024;11:14:31;23,9;23,9;24,0;23,7;24,2;23,8;24,2;23,9;24,1;23,0;25,1;71,5;40;45;-144,2;0,0;0,00;-0,515;300;0
26.08.2024;11:14:41;23,9;23,9;24,0;23,7;24,2;23,8;24,2;23,9;24,1;23,0;25,1;72,2;40;45;-144,2;0,0;0,00;-0,509;300;0
26.08.2024;11:14:51;24,0;23,9;24,0;23,7;24,2;23,8;24,2;23,9;24,1;23,0;25,1;71,7;40;45;-144,2;0,0;0,00;-0,515;300;0
26.08.2024;11:15:01;24,0;23,9;24,0;23,7;24,2;23,8;24,2;23,9;24,1;23,0;25,1;72,6;40;45;-144,2;0,0;0,00;-0,515;300;0
26.08.2024;11:15:11;24,0;23,9;24,0;23,7;24,2;23,8;24,2;23,9;24,1;23,0;25,1;70,3;40;45;-144,1;0,0;0,00;-0,520;300;0
26.08.2024;11:15:21;24,0;23,9;24,0;23,7;24,2;23,8;24,2;23,9;24,1;23,0;25,1;72,3;40;45;-144,1;0,0;0,00;-0,520;300;0
26.08.2024;11:15:31;24,0;23,9;24,0;23,7;24,2;23,8;24,2;23,9;24,1;23,0;25,1;71,4;40;45;-144,2;0,0;0,00;-0,512;300;0
26.08.2024;11:15:41;24,0;23,9;24,0;23,7;24,2;23,8;24,2;23,9;24,1;23,0;25,1;71,9;40;45;-144,0;0,0;0,00;-0,517;300;0
26.08.2024;11:15:51;24,0;23,9;24,0;23,7;24,2;23,8;24,2;23,9;24,1;23,0;25,1;72,4;40;45;-144,0;0,0;0,00;-0,517;300;0
26.08.2024;11:16:01;24,0;23,9;24,0;23,8;24,2;23,8;24,2;23,9;24,1;23,0;25,1;72,5;40;45;-143,9;0,0;0,00;-0,517;300;0
26.08.2024;11:16:11;24,0;23,9;24,0;23,7;24,2;23,8;24,2;23,9;24,1;23,0;25,1;71,3;40;45;-143,9;0,0;0,00;-0,515;300;0
26.08.2024;11:16:21;24,0;23,9;24,0;23,7;24,2;23,8;24,2;23,9;24,1;23,0;25,1;71,4;40;45;-144,0;0,0;0,00;-0,517;300;0
26.08.2024;11:16:31;24,0;23,9;24,0;23,7;24,2;23,8;24,2;23,9;24,1;23,0;25,1;71,1;40;45;-143,8;0,0;0,00;-0,517;300;0
26.08.2024;11:16:42;24,0;23,9;24,0;23,7;24,2;23,8;24,2;23,9;24,1;23,0;25,1;72,1;40;45;-143,7;0,0;0,00;-0,515;300;0
26.08.2024;11:16:52;24,0;23,9;24,0;23,7;24,2;23,8;24,2;23,9;24,1;23,0;25,1;70,6;40;45;-143,9;0,0;0,00;-0,512;300;0
26.08.2024;11:17:02;24,0;23,9;24,0;23,7;24,2;23,8;24,2;23,9;24,1;23,0;25,1;72,2;40;45;-143,8;0,0;0,00;-0,512;300;0
26.08.2024;11:17:12;24,0;23,9;24,0;23,7;24,2;23,8;24,2;23,9;24,1;23,0;25,1;71,9;40;45;-143,8;0,0;0,00;-0,512;300;0
26.08.2024;11:17:22;24,0;23,9;24,0;23,7;24,2;23,8;24,2;23,9;24,1;23,0;25,1;71,6;40;45;-143,9;0,0;0,00;-0,509;300;0
26.08.2024;11:17:32;24,0;23,9;24,0;23,7;24,2;23,8;24,2;23,9;24,1;23,0;25,1;72,3;40;45;-144,0;0,0;0,00;-0,515;300;0
26.08.2024;11:17:42;24,0;23,9;24,0;23,7;24,2;23,8;24,2;23,9;24,1;23,0;25,1;72,5;40;45;-143,8;0,0;0,00;-0,512;300;0
26.08.2024;11:17:52;24,0;23,9;24,0;23,7;24,2;23,8;24,2;23,9;24,1;23,0;25,1;71,5;40;45;-143,8;0,0;0,00;-0,517;300;0
26.08.2024;11:18:02;24,0;23,9;24,0;23,7;24,2;23,8;24,2;23,9;24,1;23,0;25,1;71,2;40;45;-143,8;0,0;0,00;-0,512;300;0
26.08.2024;11:18:12;24,0;23,9;24,0;23,7;24,2;23,8;24,2;23,9;24,1;23,0;25,1;72,3;40;45;-143,8;0,0;0,00;-0,512;300;0
26.08.2024;11:18:22;24,0;23,9;24,0;23,7;24,2;23,8;24,2;23,9;24,1;23,0;25,1;72,2;40;45;-143,8;0,0;0,00;-0,517;300;0
26.08.2024;11:18:32;24,0;23,9;24,0;23,7;24,2;23,8;24,2;23,9;24,1;23,0;25,1;72,1;40;45;-143,8;0,0;0,00;-0,517;300;0
26.08.2024;11:18:42;24,0;23,9;24,0;23,7;24,2;23,8;24,2;23,9;24,1;23,0;25,1;71,5;40;45;-143,8;0,0;0,00;-0,515;300;0
26.08.2024;11:18:53;24,0;23,9;24,0;23,7;24,2;23,8;24,2;23,9;24,1;23,0;25,1;72,5;40;45;-143,9;0,0;0,00;-0,515;300;0
26.08.2024;11:19:03;24,0;23,9;24,0;23,7;24,2;23,8;24,2;23,9;24,1;23,0;25,1;72,4;40;45;-143,9;0,0;0,00;-0,517;300;0
26.08.2024;11:19:13;24,0;23,9;24,0;23,7;24,2;23,8;24,2;23,9;24,1;23,0;25,1;72,3;40;45;-143,8;0,0;0,00;-0,520;300;0
26.08.2024;11:19:23;24,0;23,9;24,0;23,7;24,2;23,8;24,2;23,9;24,1;23,0;25,1;70,5;40;45;-143,8;0,0;0,00;-0,515;300;0
26.08.2024;11:19:33;24,0;23,9;24,0;23,7;24,2;23,8;24,2;23,9;24,1;23,0;25,1;72,6;40;45;-144,0;0,0;0,00;-0,515;300;0
26.08.2024;11:19:43;24,0;23,9;24,0;23,7;24,2;23,8;24,2;23,9;24,1;23,0;25,1;71,6;40;45;-144,0;0,0;0,00;-0,515;300;0
26.08.2024;11:19:53;24,0;23,9;24,0;23,7;24,2;23,8;24,2;23,9;24,1;23,0;25,1;72,1;40;45;-143,9;0,0;0,00;-0,515;300;0
26.08.2024;11:20:03;24,0;23,9;24,0;23,7;24,2;23,8;24,2;23,9;24,1;23,0;25,1;72,3;40;45;-143,9;0,0;0,00;-0,517;300;0
26.08.2024;11:20:13;24,0;23,9;24,0;23,7;24,2;23,8;24,2;23,9;24,1;23,0;25,1;72,4;40;45;-144,0;0,0;0,00;-0,517;300;0
26.08.2024;11:20:23;24,0;23,9;24,0;23,7;24,2;23,8;24,2;23,8;24,1;23,0;25,1;72,0;40;45;-144,1;0,0;0,00;-0,515;300;0
26.08.2024;11:20:33;24,0;23,9;24,0;23,7;24,2;23,8;24,2;23,8;24,1;23,0;25,1;72,5;40;45;-144,0;0,0;0,00;-0,515;300;0
26.08.2024;11:20:43;24,0;23,9;24,0;23,7;24,2;23,8;24,2;23,9;24,1;23,0;25,1;73,1;40;45;-144,1;0,0;0,00;-0,512;300;0
26.08.2024;11:20:53;24,0;23,9;24,0;23,7;24,2;23,8;24,2;23,8;24,1;23,0;25,1;71,6;40;45;-144,0;0,0;0,00;-0,515;300;0
26.08.2024;11:21:03;24,0;23,9;24,0;23,7;24,2;23,8;24,2;23,9;24,1;23,0;25,1;72,7;40;45;-144,0;0,0;0,00;-0,515;300;0
26.08.2024;11:21:14;24,0;23,9;24,0;23,7;24,2;23,8;24,2;23,8;24,1;23,0;25,1;71,4;40;45;-143,9;0,0;0,00;-0,515;300;0
26.08.2024;11:21:24;24,0;24,0;24,0;23,7;24,2;23,8;24,2;23,8;24,1;23,0;25,1;71,7;40;45;-143,9;0,0;0,00;-0,512;300;0
26.08.2024;11:21:34;24,0;23,9;24,0;23,7;24,2;23,8;24,2;23,8;24,1;23,0;25,1;71,8;40;45;-144,2;0,0;0,00;-0,512;300;0
26.08.2024;11:21:44;24,0;23,9;24,0;23,7;24,1;23,8;24,2;23,8;24,1;23,0;25,1;71,5;40;45;-143,9;0,0;0,00;-0,517;300;0
26.08.2024;11:21:54;24,0;23,9;24,0;23,7;24,2;23,8;24,2;23,9;24,1;23,0;25,1;71,3;40;45;-143,9;0,0;0,00;-0,517;300;0
26.08.2024;11:22:04;24,0;24,0;24,0;23,7;24,2;23,8;24,2;23,8;24,1;23,0;25,1;71,4;40;45;-144,2;0,0;0,00;-0,517;300;0
26.08.2024;11:22:14;24,0;24,0;24,0;23,7;24,2;23,8;24,2;23,8;24,1;23,0;25,1;71,8;40;45;-144,1;0,0;0,00;-0,515;300;0
26.08.2024;11:22:24;24,0;23,9;24,0;23,7;24,2;23,8;24,2;23,8;24,1;23,0;25,1;72,0;40;45;-144,2;0,0;0,00;-0,517;300;0
26.08.2024;11:22:34;24,0;24,0;24,0;23,7;24,1;23,8;24,2;23,8;24,1;23,0;25,1;71,3;40;45;-144,1;0,0;0,00;-0,515;300;0
26.08.2024;11:22:44;24,0;24,0;24,0;23,7;24,2;23,8;24,2;23,8;24,1;23,0;25,1;71,5;40;45;-144,2;0,0;0,00;-0,512;300;0
26.08.2024;11:22:54;24,0;23,9;24,0;23,7;24,2;23,8;24,2;23,8;24,1;23,0;25,1;71,9;40;45;-144,2;0,0;0,00;-0,515;300;0
26.08.2024;11:23:04;24,0;24,0;24,0;23,7;24,2;23,8;24,2;23,9;24,1;23,0;25,1;72,4;40;45;-144,2;0,0;0,00;-0,520;300;0
26.08.2024;11:23:14;24,0;24,0;24,0;23,7;24,2;23,8;24,2;23,8;24,1;23,0;25,1;71,0;40;45;-144,2;0,0;0,00;-0,515;300;0
26.08.2024;11:23:25;24,0;23,9;24,0;23,7;24,2;23,8;24,2;23,8;24,1;23,0;25,1;70,8;40;45;-144,2;0,0;0,00;-0,515;300;0
26.08.2024;11:23:35;24,0;24,0;24,0;23,7;24,2;23,8;24,2;23,8;24,1;23,0;25,1;71,5;40;45;-144,2;0,0;0,00;-0,515;300;0
26.08.2024;11:23:45;24,0;24,0;24,0;23,7;24,1;23,8;24,2;23,8;24,1;23,0;25,0;72,2;40;45;-144,2;0,0;0,00;-0,512;300;0
26.08.2024;11:23:55;24,0;23,9;24,0;23,7;24,2;23,8;24,2;23,8;24,1;23,0;25,1;71,6;40;45;-144,2;0,0;0,00;-0,515;300;0
26.08.2024;11:24:05;24,0;23,9;24,0;23,7;24,2;23,8;24,2;23,8;24,1;23,0;25,0;72,3;40;45;-144,4;0,0;0,00;-0,517;300;0
26.08.2024;11:24:15;24,0;24,0;24,0;23,7;24,2;23,8;24,2;23,8;24,1;23,0;25,1;71,6;40;45;-144,2;0,0;0,00;-0,515;300;0
26.08.2024;11:24:25;24,0;23,9;24,0;23,7;24,2;23,8;24,2;23,8;24,1;23,0;25,0;71,5;40;45;-144,4;0,0;0,00;-0,512;300;0
26.08.2024;11:24:35;24,0;23,9;24,0;23,7;24,2;23,8;24,2;23,8;24,1;23,0;25,0;72,0;40;45;-144,2;0,0;0,00;-0,515;300;0
26.08.2024;11:24:45;24,0;23,9;24,0;23,7;24,1;23,8;24,2;23,8;24,1;23,0;25,1;72,2;40;45;-144,4;0,0;0,00;-0,515;300;0
26.08.2024;11:24:55;24,0;24,0;24,0;23,7;24,2;23,8;24,2;23,8;24,1;23,0;25,1;71,6;40;45;-144,4;0,0;0,00;-0,515;300;0
26.08.2024;11:25:05;24,0;23,9;24,0;23,7;24,2;23,8;24,2;23,8;24,1;23,0;25,1;71,0;40;45;-144,4;0,0;0,00;-0,509;300;0
26.08.2024;11:25:15;24,0;23,9;24,0;23,7;24,1;23,8;24,2;23,8;24,1;23,0;25,1;72,3;40;45;-144,4;0,0;0,00;-0,515;300;0
26.08.2024;11:25:26;24,0;24,0;24,0;23,7;24,2;23,8;24,2;23,8;24,1;23,0;25,0;73,1;40;45;-144,5;0,0;0,00;-0,520;300;0
26.08.2024;11:25:36;24,1;23,9;24,0;23,7;24,2;23,8;24,2;23,8;24,1;23,0;25,1;73,3;40;45;-144,2;0,0;0,00;-0,517;300;0
26.08.2024;11:25:46;24,0;24,0;24,0;23,7;24,2;23,8;24,2;23,8;24,1;23,0;25,0;71,3;40;45;-144,4;0,0;0,00;-0,517;300;0
26.08.2024;11:25:56;24,1;24,0;24,0;23,7;24,1;23,8;24,2;23,8;24,1;23,0;25,1;71,5;40;45;-144,2;0,0;0,00;-0,512;300;0
26.08.2024;11:26:06;24,1;23,9;24,0;23,7;24,2;23,8;24,2;23,8;24,1;23,0;25,0;71,0;40;45;-144,2;0,0;0,00;-0,520;300;0
26.08.2024;11:26:16;24,1;24,0;24,0;23,7;24,2;23,8;24,2;23,8;24,1;23,0;25,1;71,6;40;45;-144,4;0,0;0,00;-0,517;300;0
26.08.2024;11:26:26;24,1;23,9;24,0;23,7;24,2;23,8;24,2;23,8;24,1;23,0;25,1;72,7;40;45;-144,2;0,0;0,00;-0,509;300;0
26.08.2024;11:26:36;24,1;23,9;24,0;23,7;24,2;23,8;24,2;23,8;24,1;23,0;25,0;71,2;40;45;-144,2;0,0;0,00;-0,509;300;0
26.08.2024;11:26:46;24,1;23,9;24,0;23,7;24,2;23,8;24,2;23,8;24,1;23,0;25,1;72,6;40;45;-144,4;0,0;0,00;-0,517;300;0
26.08.2024;11:26:56;24,1;23,9;24,0;23,7;24,1;23,8;24,2;23,8;24,1;23,0;25,0;71,7;40;45;-144,4;0,0;0,00;-0,515;300;0
26.08.2024;11:27:06;24,1;24,0;24,0;23,7;24,1;23,8;24,2;23,8;24,1;23,0;25,0;71,5;40;45;-144,2;0,0;0,00;-0,515;300;0
26.08.2024;11:27:16;24,1;24,0;24,0;23,7;24,2;23,8;24,2;23,8;24,1;23,0;25,1;73,0;40;45;-144,5;0,0;0,00;-0,512;300;0
26.08.2024;11:27:27;24,1;24,0;24,0;23,7;24,2;23,8;24,2;23,8;24,1;23,0;25,1;72,1;40;45;-144,5;0,0;0,00;-0,515;300;0
26.08.2024;11:27:37;24,1;24,0;24,0;23,7;24,2;23,8;24,2;23,8;24,1;23,0;25,1;71,6;40;45;-144,5;0,0;0,00;-0,515;300;0
26.08.2024;11:27:47;24,1;24,0;24,0;23,7;24,1;23,8;24,2;23,8;24,1;23,0;25,0;72,0;40;45;-144,5;0,0;0,00;-0,515;300;0
26.08.2024;11:27:57;24,1;24,0;24,0;23,7;24,1;23,8;24,2;23,8;24,1;23,0;25,1;72,6;40;45;-144,5;0,0;0,00;-0,515;300;0
26.08.2024;11:28:07;24,1;24,0;24,0;23,7;24,1;23,8;24,2;23,8;24,1;23,0;25,0;71,7;40;45;-144,5;0,0;0,00;-0,515;300;0
26.08.2024;11:28:17;24,1;24,0;24,0;23,7;24,1;23,8;24,2;23,8;24,1;23,0;25,0;72,1;40;45;-144,5;0,0;0,00;-0,512;300;0
26.08.2024;11:28:27;24,1;24,0;24,0;23,7;24,2;23,8;24,2;23,8;24,1;23,0;25,1;72,2;40;45;-144,5;0,0;0,00;-0,517;300;0
26.08.2024;11:28:37;24,1;23,9;24,0;23,7;24,1;23,8;24,2;23,8;24,1;23,0;25,0;70,3;40;45;-144,5;0,0;0,00;-0,517;300;0
26.08.2024;11:28:47;24,1;24,0;24,0;23,7;24,2;23,8;24,2;23,8;24,1;23,0;25,0;72,3;40;45;-144,5;0,0;0,00;-0,512;300;0
26.08.2024;11:28:57;24,1;24,0;24,0;23,7;24,2;23,8;24,2;23,8;24,1;23,0;25,0;72,3;40;45;-144,5;0,0;0,00;-0,515;300;0
26.08.2024;11:29:07;24,1;24,0;24,0;23,7;24,1;23,8;24,2;23,8;24,1;23,0;25,0;71,4;40;45;-144,5;0,0;0,00;-0,515;300;0
26.08.2024;11:29:17;24,1;24,0;24,0;23,7;24,2;23,8;24,2;23,8;24,1;23,0;25,1;72,1;40;45;-144,6;0,0;0,00;-0,512;300;0
26.08.2024;11:29:28;24,1;23,9;24,0;23,7;24,2;23,8;24,2;23,8;24,1;23,0;25,0;72,1;40;45;-144,6;0,0;0,00;-0,517;300;0
26.08.2024;11:29:38;24,1;24,0;24,0;23,7;24,2;23,8;24,2;23,8;24,1;23,0;25,1;72,1;40;45;-144,6;0,0;0,00;-0,515;300;0
26.08.2024;11:29:48;24,1;24,0;24,0;23,7;24,2;23,8;24,2;23,8;24,1;23,0;25,0;73,2;40;45;-144,5;0,0;0,00;-0,517;300;0
26.08.2024;11:29:58;24,1;24,0;24,0;23,7;24,1;23,8;24,2;23,8;24,1;23,0;25,0;72,2;40;45;-144,6;0,0;0,00;-0,515;300;0
26.08.2024;11:30:08;24,1;24,0;24,0;23,7;24,1;23,8;24,2;23,8;24,1;23,0;25,0;70,9;40;45;-144,6;0,0;0,00;-0,515;300;0
26.08.2024;11:30:18;24,1;24,0;24,0;23,7;24,1;23,8;24,2;23,8;24,1;23,0;25,0;72,1;40;45;-144,4;0,0;0,00;-0,520;300;0
26.08.2024;11:30:28;24,1;24,0;24,0;23,7;24,1;23,8;24,2;23,8;24,1;23,0;25,0;72,7;40;45;-144,5;0,0;0,00;-0,512;300;0
26.08.2024;11:30:38;24,1;24,0;24,0;23,7;24,1;23,8;24,2;23,8;24,1;23,0;25,1;70,5;40;45;-144,5;0,0;0,00;-0,517;300;0
26.08.2024;11:30:48;24,1;24,0;24,0;23,7;24,1;23,8;24,2;23,8;24,1;23,0;25,0;72,3;40;45;-144,5;0,0;0,00;-0,515;300;0
26.08.2024;11:30:58;24,1;24,0;24,0;23,7;24,1;23,8;24,2;23,8;24,1;23,0;25,0;72,0;40;45;-144,5;0,0;0,00;-0,515;300;0
26.08.2024;11:31:08;24,1;24,0;24,0;23,7;24,1;23,8;24,2;23,8;24,1;23,0;25,1;71,9;40;45;-144,5;0,0;0,00;-0,517;300;0
26.08.2024;11:31:18;24,1;24,0;24,0;23,7;24,2;23,8;24,2;23,8;24,1;23,0;25,0;72,2;40;45;-144,5;0,0;0,00;-0,515;300;0
26.08.2024;11:31:28;24,1;24,0;24,0;23,7;24,1;23,8;24,2;23,8;24,1;23,0;25,0;71,5;40;45;-144,5;0,0;0,00;-0,517;300;0
26.08.2024;11:31:39;24,1;24,0;24,0;23,7;24,1;23,8;24,2;23,8;24,1;23,0;25,0;70,5;40;45;-144,5;0,0;0,00;-0,517;300;0
26.08.2024;11:31:49;24,1;24,0;24,0;23,7;24,2;23,8;24,2;23,8;24,1;23,0;25,1;71,7;40;45;-144,4;0,0;0,00;-0,517;300;0
26.08.2024;11:31:59;24,1;24,0;24,0;23,7;24,1;23,8;24,2;23,8;24,1;23,0;25,0;72,1;40;45;-144,5;0,0;0,00;-0,515;300;0
26.08.2024;11:32:09;24,1;23,9;24,0;23,7;24,1;23,8;24,2;23,8;24,1;23,0;25,0;71,1;40;45;-144,5;0,0;0,00;-0,515;300;0
26.08.2024;11:32:19;24,1;24,0;24,0;23,7;24,2;23,8;24,2;23,8;24,1;23,0;25,0;72,2;40;45;-144,5;0,0;0,00;-0,512;300;0
26.08.2024;11:32:29;24,1;24,0;24,0;23,7;24,2;23,8;24,2;23,8;24,1;23,0;25,0;72,6;40;45;-144,5;0,0;0,00;-0,515;300;0
26.08.2024;11:32:39;24,1;24,0;24,0;23,7;24,1;23,8;24,2;23,8;24,1;23,0;25,0;71,0;40;45;-144,5;0,0;0,00;-0,515;300;0
26.08.2024;11:32:49;24,1;24,0;24,0;23,7;24,2;23,8;24,2;23,8;24,1;23,0;25,0;71,2;40;45;-144,5;0,0;0,00;-0,517;300;0
26.08.2024;11:32:59;24,1;24,0;24,0;23,7;24,1;23,8;24,2;23,8;24,1;23,0;25,0;71,3;40;45;-144,5;0,0;0,00;-0,512;300;0
26.08.2024;11:33:09;24,1;23,9;24,0;23,7;24,1;23,8;24,2;23,8;24,1;23,0;25,0;71,4;40;45;-144,5;0,0;0,00;-0,515;300;0
26.08.2024;11:33:19;24,1;24,0;24,0;23,7;24,1;23,8;24,2;23,8;24,1;23,0;25,0;70,7;40;45;-144,5;0,0;0,00;-0,515;300;0
26.08.2024;11:33:29;24,1;23,9;24,0;23,7;24,1;23,8;24,2;23,8;24,1;23,0;25,0;71,7;40;45;-144,5;0,0;0,00;-0,517;300;0
26.08.2024;11:33:39;24,1;24,0;24,0;23,7;24,1;23,8;24,2;23,8;24,1;23,0;25,0;72,3;40;45;-144,5;0,0;0,00;-0,517;300;0
26.08.2024;11:33:49;24,1;24,0;24,0;23,7;24,1;23,8;24,2;23,8;24,1;23,0;25,0;73,0;40;45;-144,2;0,0;0,00;-0,515;300;0
26.08.2024;11:34:00;24,1;24,0;24,0;23,7;24,2;23,8;24,2;23,8;24,1;23,0;25,0;72,4;40;45;-144,4;0,0;0,00;-0,515;300;0
26.08.2024;11:34:10;24,1;24,0;24,0;23,7;24,1;23,8;24,2;23,8;24,1;23,0;25,0;71,0;40;45;-144,2;0,0;0,00;-0,517;300;0
26.08.2024;11:34:20;24,1;24,0;24,0;23,7;24,1;23,8;24,2;23,8;24,1;23,0;25,0;70,5;40;45;-144,2;0,0;0,00;-0,520;300;0
26.08.2024;11:34:30;24,1;24,0;24,0;23,7;24,1;23,8;24,2;23,8;24,1;23,0;25,0;72,7;40;45;-144,2;0,0;0,00;-0,512;300;0
26.08.2024;11:34:40;24,1;24,0;24,0;23,7;24,2;23,8;24,2;23,8;24,1;23,0;25,0;71,7;40;45;-144,4;0,0;0,00;-0,520;300;0
26.08.2024;11:34:50;24,1;24,0;24,0;23,7;24,1;23,8;24,2;23,8;24,1;23,0;25,0;71,8;40;45;-144,2;0,0;0,00;-0,515;300;0
26.08.2024;11:35:00;24,1;24,0;24,0;23,7;24,2;23,8;24,2;23,8;24,1;23,0;25,0;70,7;40;45;-144,0;0,0;0,00;-0,509;300;0
26.08.2024;11:35:10;24,1;24,0;24,0;23,7;24,1;23,8;24,2;23,8;24,1;23,0;25,0;71,5;40;45;-144,0;0,0;0,00;-0,515;300;0
26.08.2024;11:35:20;24,1;24,0;24,0;23,7;24,1;23,8;24,2;23,8;24,1;23,0;25,0;71,5;40;45;-144,2;0,0;0,00;-0,515;300;0
26.08.2024;11:35:30;24,1;24,0;24,0;23,7;24,1;23,8;24,2;23,8;24,1;23,0;25,0;72,0;40;45;-144,1;0,0;0,00;-0,515;300;0
26.08.2024;11:35:40;24,1;24,0;24,0;23,7;24,1;23,8;24,2;23,8;24,1;23,0;25,0;71,4;40;45;-144,1;0,0;0,00;-0,517;300;0
26.08.2024;11:35:50;24,1;24,0;24,0;23,7;24,1;23,8;24,2;23,8;24,1;23,0;25,0;71,6;40;45;-144,1;0,0;0,00;-0,520;300;0
26.08.2024;11:36:01;24,1;24,0;24,0;23,7;24,1;23,8;24,2;23,8;24,1;23,0;25,0;72,5;40;45;-144,1;0,0;0,00;-0,515;300;0
26.08.2024;11:36:11;24,1;24,0;24,0;23,7;24,1;23,8;24,2;23,8;24,1;23,0;25,0;73,2;40;45;-144,2;0,0;0,00;-0,512;300;0
26.08.2024;11:36:21;24,1;24,0;24,0;23,7;24,1;23,8;24,2;23,8;24,1;23,0;25,0;72,3;40;45;-144,0;0,0;0,00;-0,512;300;0
26.08.2024;11:36:31;24,1;24,0;24,0;23,7;24,1;23,8;24,2;23,8;24,1;23,0;25,0;72,0;40;45;-144,2;0,0;0,00;-0,515;300;0
26.08.2024;11:36:41;24,1;24,0;24,0;23,7;24,1;23,8;24,2;23,8;24,1;23,0;25,0;71,5;40;45;-144,2;0,0;0,00;-0,512;300;0
26.08.2024;11:36:51;24,1;24,0;24,0;23,7;24,1;23,8;24,2;23,8;24,1;23,0;25,0;71,5;40;45;-144,0;0,0;0,00;-0,515;300;0
26.08.2024;11:37:01;24,1;24,0;24,0;23,7;24,1;23,8;24,2;23,8;24,1;23,0;25,0;73,0;40;45;-144,1;0,0;0,00;-0,512;300;0
26.08.2024;11:37:11;24,1;24,0;24,0;23,7;24,1;23,8;24,2;23,8;24,1;23,0;25,0;72,1;40;45;-144,1;0,0;0,00;-0,515;300;0
26.08.2024;11:37:21;24,1;24,0;24,0;23,7;24,1;23,8;24,2;23,8;24,1;23,0;25,0;71,8;40;45;-144,0;0,0;0,00;-0,517;300;0
26.08.2024;11:37:31;24,1;24,0;24,0;23,7;24,1;23,8;24,2;23,8;24,1;23,0;25,0;71,6;40;45;-143,7;0,0;0,00;-0,515;300;0
26.08.2024;11:37:41;24,1;24,0;24,0;23,7;24,1;23,8;24,2;23,8;24,1;23,0;25,0;71,7;40;45;-143,7;0,0;0,00;-0,512;300;0
26.08.2024;11:37:51;24,1;24,0;24,0;23,7;24,1;23,8;24,2;23,8;24,1;23,0;25,0;70,5;40;45;-143,7;0,0;0,00;-0,512;300;0
26.08.2024;11:38:01;24,1;24,0;24,0;23,7;24,1;23,8;24,2;23,8;24,1;23,0;25,0;72,0;40;45;-143,7;0,0;0,00;-0,515;300;0
26.08.2024;11:38:12;24,1;24,0;24,0;23,7;24,1;23,8;24,2;23,8;24,1;23,0;25,0;71,5;40;45;-143,5;0,0;0,00;-0,509;300;0
26.08.2024;11:38:22;24,1;24,0;24,0;23,7;24,2;23,8;24,2;23,8;24,1;23,0;25,0;71,1;40;45;-143,7;0,0;0,00;-0,515;300;0
26.08.2024;11:38:32;24,1;24,0;24,0;23,7;24,1;23,8;24,2;23,8;24,1;23,0;25,0;71,4;40;45;-143,7;0,0;0,00;-0,517;300;0
26.08.2024;11:38:42;24,1;24,0;24,0;23,7;24,2;23,8;24,2;23,8;24,1;23,0;25,0;71,1;40;45;-143,8;0,0;0,00;-0,509;300;0
26.08.2024;11:38:52;24,1;24,0;24,0;23,7;24,1;23,8;24,2;23,8;24,1;23,0;25,0;71,0;40;45;-143,7;0,0;0,00;-0,515;300;0
26.08.2024;11:39:02;24,1;24,0;24,0;23,7;24,2;23,8;24,2;23,8;24,1;23,0;25,0;73,0;40;45;-143,8;0,0;0,00;-0,517;300;0
26.08.2024;11:39:12;24,1;24,0;24,0;23,7;24,1;23,8;24,2;23,8;24,1;23,0;25,0;71,6;40;45;-143,7;0,0;0,00;-0,517;300;0
26.08.2024;11:39:22;24,1;24,0;24,0;23,7;24,1;23,8;24,2;23,8;24,1;23,0;25,0;72,1;40;45;-143,7;0,0;0,00;-0,515;300;0
26.08.2024;11:39:32;24,1;24,0;24,0;23,7;24,1;23,8;24,2;23,8;24,1;23,0;25,0;72,2;40;45;-143,7;0,0;0,00;-0,515;300;0
26.08.2024;11:39:42;24,1;24,0;24,0;23,7;24,1;23,8;24,2;23,8;24,1;23,0;25,0;72,9;40;45;-143,5;0,0;0,00;-0,509;300;0
26.08.2024;11:39:52;24,1;24,0;24,0;23,7;24,1;23,8;24,2;23,8;24,1;23,0;25,0;72,4;40;45;-143,5;0,0;0,00;-0,515;300;0
26.08.2024;11:40:02;24,1;24,0;24,0;23,7;24,1;23,8;24,2;23,8;24,1;23,0;25,0;72,2;40;45;-143,5;0,0;0,00;-0,520;300;0
26.08.2024;11:40:12;24,1;24,0;24,0;23,7;24,1;23,8;24,2;23,8;24,1;23,0;25,0;71,5;40;45;-143,5;0,0;0,00;-0,512;300;0
26.08.2024;11:40:22;24,1;24,0;24,0;23,7;24,1;23,8;24,2;23,8;24,1;23,0;25,0;71,2;40;45;-143,5;0,0;0,00;-0,517;300;0
26.08.2024;11:40:33;24,1;24,0;24,0;23,7;24,1;23,8;24,2;23,8;24,1;23,0;25,0;72,5;40;45;-143,4;0,0;0,00;-0,515;300;0
26.08.2024;11:40:43;24,1;24,0;24,0;23,7;24,1;23,8;24,2;23,8;24,1;23,0;25,0;72,6;40;45;-143,4;0,0;0,00;-0,512;300;0
26.08.2024;11:40:53;24,1;24,0;24,0;23,7;24,1;23,8;24,2;23,8;24,1;23,0;25,0;73,5;40;45;-143,5;0,0;0,00;-0,512;300;0
26.08.2024;11:41:03;24,1;24,0;24,0;23,7;24,1;23,8;24,2;23,8;24,1;23,0;25,0;71,4;40;45;-143,5;0,0;0,00;-0,515;300;0
26.08.2024;11:41:13;24,1;24,0;24,0;23,7;24,1;23,8;24,2;23,8;24,1;23,0;25,0;71,7;40;45;-143,4;0,0;0,00;-0,512;300;0
26.08.2024;11:41:23;24,1;24,0;24,0;23,7;24,1;23,8;24,2;23,8;24,1;23,0;25,0;73,2;40;45;-143,3;0,0;0,00;-0,512;300;0
26.08.2024;11:41:33;24,1;24,0;24,0;23,7;24,1;23,8;24,2;23,8;24,1;23,0;25,0;71,8;40;45;-143,4;0,0;0,00;-0,515;300;0
26.08.2024;11:41:43;24,1;24,0;24,0;23,7;24,1;23,8;24,2;23,8;24,1;23,0;25,0;73,3;40;45;-143,3;0,0;0,00;-0,515;300;0
26.08.2024;11:41:53;24,1;24,0;24,0;23,7;24,1;23,8;24,2;23,8;24,1;23,0;25,0;71,2;40;45;-143,3;0,0;0,00;-0,515;300;0
26.08.2024;11:42:03;24,1;24,0;24,0;23,7;24,1;23,8;24,2;23,8;24,1;23,0;25,0;72,1;40;45;-143,3;0,0;0,00;-0,515;300;0
26.08.2024;11:42:13;24,1;24,0;24,0;23,7;24,1;23,8;24,2;23,8;24,1;23,0;25,0;72,3;40;45;-143,4;0,0;0,00;-0,515;300;0
26.08.2024;11:42:23;24,1;24,0;24,0;23,7;24,1;23,8;24,2;23,8;24,1;23,0;25,0;71,7;40;45;-143,3;0,0;0,00;-0,512;300;0
26.08.2024;11:42:34;24,1;24,0;24,0;23,7;24,1;23,8;24,2;23,8;24,1;23,0;25,0;71,6;40;45;-143,1;0,0;0,00;-0,520;300;0
26.08.2024;11:42:44;24,1;24,0;24,0;23,7;24,1;23,8;24,2;23,8;24,1;23,0;25,0;73,2;40;45;-143,3;0,0;0,00;-0,512;300;0
26.08.2024;11:42:54;24,1;24,0;24,0;23,7;24,1;23,8;24,2;23,8;24,1;23,0;25,0;71,4;40;45;-143,2;0,0;0,00;-0,517;300;0
26.08.2024;11:43:04;24,1;24,0;24,0;23,7;24,1;23,8;24,2;23,8;24,1;23,0;25,0;71,7;40;45;-143,2;0,0;0,00;-0,517;300;0
26.08.2024;11:43:14;24,1;24,0;24,0;23,7;24,1;23,8;24,2;23,8;24,1;23,0;25,0;72,8;40;45;-143,1;0,0;0,00;-0,517;300;0
26.08.2024;11:43:24;24,1;24,0;24,0;23,7;24,1;23,8;24,2;23,8;24,1;23,0;25,0;71,5;40;45;-143,1;0,0;0,00;-0,517;300;0
26.08.2024;11:43:34;24,1;24,0;24,0;23,7;24,1;23,8;24,2;23,8;24,1;23,0;25,0;72,5;40;45;-143,1;0,0;0,00;-0,517;300;0
26.08.2024;11:43:44;24,1;24,0;24,0;23,7;24,1;23,8;24,2;23,8;24,1;23,0;25,0;71,6;40;45;-143,1;0,0;0,00;-0,517;300;0
26.08.2024;11:43:54;24,1;24,0;24,0;23,7;24,1;23,8;24,2;23,8;24,1;23,0;25,0;73,0;40;45;-143,2;0,0;0,00;-0,515;300;0
26.08.2024;11:44:04;24,1;24,0;24,0;23,7;24,1;23,8;24,2;23,8;24,1;23,0;25,0;71,2;40;45;-143,2;0,0;0,00;-0,515;300;0
26.08.2024;11:44:14;24,1;24,0;24,0;23,7;24,1;23,8;24,2;23,8;24,1;23,0;25,0;72,1;40;45;-143,3;0,0;0,00;-0,515;300;0
26.08.2024;11:44:24;24,1;24,0;24,0;23,7;24,1;23,8;24,2;23,8;24,1;23,0;25,0;72,1;40;45;-143,2;0,0;0,00;-0,517;300;0
26.08.2024;11:44:34;24,1;24,0;24,0;23,7;24,1;23,8;24,2;23,8;24,1;23,0;25,0;73,0;40;45;-143,1;0,0;0,00;-0,515;300;0
26.08.2024;11:44:44;24,1;24,0;24,0;23,7;24,1;23,8;24,2;23,8;24,1;23,0;25,0;71,6;40;45;-143,1;0,0;0,00;-0,512;300;0
26.08.2024;11:44:55;24,1;24,0;24,0;23,7;24,1;23,8;24,2;23,8;24,1;23,0;25,0;71,5;40;45;-143,2;0,0;0,00;-0,512;300;0
26.08.2024;11:45:05;24,1;24,0;24,0;23,7;24,1;23,8;24,2;23,8;24,1;23,0;25,0;72,7;40;45;-143,1;0,0;0,00;-0,515;300;0
26.08.2024;11:45:15;24,1;23,9;24,0;23,7;24,1;23,8;24,2;23,8;24,1;23,0;25,0;71,6;40;45;-143,2;0,0;0,00;-0,509;300;0
26.08.2024;11:45:25;24,1;24,0;24,0;23,7;24,1;23,8;24,2;23,8;24,1;23,0;25,0;71,4;40;45;-143,2;0,0;0,00;-0,515;300;0
26.08.2024;11:45:35;24,1;24,0;24,0;23,7;24,1;23,8;24,2;23,8;24,1;23,0;25,0;71,8;40;45;-143,2;0,0;0,00;-0,512;300;0
26.08.2024;11:45:45;24,1;23,9;24,0;23,7;24,1;23,8;24,2;23,8;24,1;23,0;25,0;72,1;40;45;-143,1;0,0;0,00;-0,517;300;0
26.08.2024;11:45:55;24,1;24,0;24,0;23,7;24,1;23,8;24,2;23,8;24,1;23,0;25,0;71,8;40;45;-143,2;0,0;0,00;-0,515;300;0
26.08.2024;11:46:05;24,1;24,0;23,9;23,7;24,1;23,8;24,2;23,8;24,1;23,0;25,0;72,3;40;45;-143,1;0,0;0,00;-0,512;300;0
26.08.2024;11:46:15;24,1;24,0;24,0;23,7;24,1;23,8;24,2;23,8;24,1;23,0;25,0;71,9;40;45;-143,1;0,0;0,00;-0,517;300;0
26.08.2024;11:46:25;24,1;24,0;24,0;23,7;24,1;23,8;24,2;23,8;24,1;23,0;25,0;72,6;40;45;-143,2;0,0;0,00;-0,517;300;0
26.08.2024;11:46:35;24,1;23,9;24,0;23,7;24,1;23,8;24,2;23,8;24,1;23,0;25,0;71,7;40;45;-143,2;0,0;0,00;-0,517;300;0
26.08.2024;11:46:45;24,1;24,0;24,0;23,7;24,1;23,8;24,2;23,8;24,1;23,0;25,0;71,6;40;45;-143,2;0,0;0,00;-0,517;300;0
26.08.2024;11:46:55;24,1;24,0;24,0;23,7;24,1;23,8;24,2;23,8;24,1;23,0;25,0;71,5;40;45;-143,1;0,0;0,00;-0,517;300;0
26.08.2024;11:47:05;24,1;24,0;24,0;23,7;24,1;23,8;24,2;23,8;24,1;23,0;25,0;72,0;40;45;-143,2;0,0;0,00;-0,512;300;0
26.08.2024;11:47:16;24,1;24,0;24,0;23,7;24,1;23,8;24,2;23,8;24,1;23,0;25,0;71,7;40;45;-143,2;0,0;0,00;-0,512;300;0
26.08.2024;11:47:26;24,1;24,0;24,0;23,7;24,1;23,8;24,2;23,8;24,1;23,0;25,0;72,0;40;45;-143,2;0,0;0,00;-0,512;300;0
26.08.2024;11:47:36;24,1;24,0;23,9;23,7;24,1;23,8;24,2;23,8;24,1;23,0;25,0;73,2;40;45;-143,2;0,0;0,00;-0,512;300;0
26.08.2024;14:38:54;24,3;23,9;24,0;23,6;24,1;23,8;24,2;23,8;24,1;22,4;25,1;76,6;40;45;-100,0;0,0;0,00;-0,402;300;0
